id,device_fingerprint,created_at
e29fac34-29e4-47ff-b30e-37cbfc4b9a33,64ae360eb1481a60fb8ed3bfddecd7a5,2026-03-28 05:33:54.722432+00:00
2317b31a-2b98-4a95-99a4-c958875d708f,8c2604d20fdf5694af90a2b78a2fbb83,2026-03-22 19:38:36.308630+00:00
c8043e74-c7b9-4cf5-8afb-cff4d8142895,8fba6ef3fb92643376e4643cf39bf846,2026-03-03 13:05:19.385045+00:00
90eaac18-02b5-42fd-b59f-0ef4ec8b254f,000c3d663632c769ea1290a8a6462271,2026-04-23 05:40:46.258723+00:00
498d3f74-c69e-4a86-bf12-01d1f1171c65,19e8c6801b9cd7b81fa7e34db386e4c3,2026-04-11 10:57:36.103755+00:00
f03d76b6-05b5-4058-afee-c7d5312fc87c,0ab4340e223df57eb43113b758090d38,2026-03-28 16:25:58.742606+00:00
3a31afb4-09fd-4915-9eeb-cce34a2449c9,6bc50a211879cbc7292e44c66d5d7b7e,2026-03-21 01:53:13.723470+00:00
dcd2d9af-4d83-469a-99a1-5593ba06f282,6a0b778049e909c3cbd6e36ebec6b073,2026-04-07 14:14:48.163514+00:00
a758124c-7b23-4fb1-b74c-49fc0262054b,10435c88bb2e0bb0178eb46909470a10,2026-04-18 23:44:40.424335+00:00
ab25e1f1-73a6-46fe-81d2-6fc2dd4f99f3,febffa550fd3fc4f611a49b2c2f45107,2026-03-11 19:16:35.308976+00:00
aec89813-7240-409c-b378-1f740bfbb20d,2cfe19bf6b16498b9054dce5c3b3ce6a,2026-05-03 05:58:49.037647+00:00
97af72e2-b2ad-4ec4-9a7a-af4797d0263e,8772ad8d7bc4209d4dc953417d5280db,2026-03-25 08:51:15.931453+00:00
84f2d838-00b3-4db3-ad6c-c9ec08a8b24a,ce62e6682a0ad954d9830c09c5ec34f6,2026-03-28 06:54:16.869691+00:00
506da538-3cfc-4be6-adac-8e1589787140,ddb506e9fcf182de92bfa65a79426644,2026-04-18 04:48:14.876559+00:00
6982f355-de19-4478-aaed-a5e2653f26c4,7f7bcfa0bd355d1a1f9c92fc2726ec86,2026-04-08 20:30:22.941564+00:00
2e2a8507-2be4-415c-8d63-d2dd8eadd24c,ee6d26870e1bfaa2abeeeb53e221bd5c,2026-04-08 08:34:12.406425+00:00
45a981a4-ae41-46ed-bc56-889780b1c588,e5435559ff2325128d2cbfe308838576,2026-04-30 16:29:41.884184+00:00
b069a2c5-0bd9-483a-8239-719c7ba6c142,4880c28806d78e6624310b96769c4636,2026-04-27 23:34:25.003318+00:00
a069d7fc-fc52-411a-a607-88032914d492,a4ee06ef0da2a9a3ccfe7d929e214e89,2026-03-27 09:05:15.482122+00:00
2ac81af7-0dde-4959-87e2-179947beb8bc,111d129ef1dc3c4353cd624b1406437d,2026-05-01 15:59:59.816676+00:00
e129afad-1d5b-4fa8-b6af-f2a18234b4dd,a56377ad3523c7f66b679a64660fce6d,2026-04-24 19:11:39.236491+00:00
072ba598-724c-42a4-b94f-f8e6742162fe,f78837e0a65ead84fe8e96c2b5951f41,2026-04-12 03:46:09.867100+00:00
6409c2e4-c3e7-4844-a8f8-a385c3f78be4,d6f86dd59f30ad8c9397baccf08e5e25,2026-03-25 08:33:01.037307+00:00
41c794ef-23fd-48c8-ab34-da9a956c1128,25c44c0eabfafbf4a58b8bda3b8d52dd,2026-05-26 15:10:43.253229+00:00
4c8fc5f5-09d2-4906-ab61-a970b1869115,fd7d370bd54c7c36eccc6bef183dec83,2026-04-02 00:27:23.287524+00:00
02ffdd35-9afa-4524-9992-abbc0936d2e5,28832a6767eb1260dd4b8e719a10bda3,2026-03-12 04:56:21.577373+00:00
790c15bb-ea49-4491-8211-ee2e46ea47bc,7237a9cc4113d0e7466f744021d19eec,2026-05-08 18:05:52.980110+00:00
2c6ab0bd-023c-435e-b27b-490cc453ddd0,27e664bd91025ba2a9f10d939795464a,2026-05-06 10:35:09.137066+00:00
bb3fda6e-afb2-42b1-a98f-aeecaf511e03,3dbd5ded97ef8dedbda0729b071f5114,2026-03-12 19:53:48.922884+00:00
87cd5aef-292f-454d-80d3-f80757faa629,e9ee9460b5b5d65f79bf5b148d40baa3,2026-05-25 13:30:38.351713+00:00
600b1b8f-5654-42b3-aebd-a1ed0d6d7a3c,1631d0aba9b7fd0525621a5626da05da,2026-05-11 08:36:17.582061+00:00
10a30e3e-5c34-42c1-b437-3050a86b6823,3b2ab38f4a92e57a116f48b4d421cbfd,2026-05-18 16:33:18.885429+00:00
8fe985ec-83d0-400d-a4e1-e61753815dbf,7f971ace2f8cec7de8eee02350c7b523,2026-05-18 17:52:08.035329+00:00
89690745-e234-4084-9f18-663b2dfd6c50,477a8ea37e925f2790d9207191f0ffa5,2026-03-23 13:51:27.068543+00:00
d06a021e-7c3a-4b5e-b2e1-edd07978679a,b75718a4c01af7ae61dad66c8789d832,2026-05-18 20:34:59.606463+00:00
77d066cc-a78f-4e5a-91a5-17264ff834bc,69e278de888d2e9f108593de14ec6878,2026-05-26 23:37:52.156729+00:00
4c53973f-8c0f-4141-a2ec-31af58a95055,80583999a68296d33aa54f31249b479e,2026-05-03 17:40:21.716175+00:00
11e83162-4f16-4e76-bd5d-684730d8d1d4,26f890cf456e550ccbbdb5c055dc3e5e,2026-03-04 01:35:55.027807+00:00
78afab47-4fe6-47d0-b54c-1b02bca1bc0c,101c40bf8e3a8e24406d6e5c58fa8f64,2026-03-23 00:06:20.938577+00:00
2f7fac73-2dbc-4f69-a956-278cba50fa3b,9e48f6045186f37db397d84defe8edcd,2026-05-19 22:14:08.517176+00:00
99f96c1c-22fb-4ec8-a9c4-16479d92d36d,6c7a30e8505f689fac4187386b0ebd31,2026-04-17 16:25:16.495718+00:00
2740f551-51ff-4923-af64-eb2853dedc8f,560909301fca9dd265079208c1132a33,2026-03-28 22:42:40.828395+00:00
ad6333c8-ff0a-4545-a831-002a59d967b3,203629e13b8de3cdccf2894a798b52ee,2026-03-10 06:19:17.123523+00:00
36e30512-77d8-441a-b5a3-1efa2aff626c,a92c6d6bde4b826044e8706567e63cf6,2026-03-09 06:38:53.032175+00:00
a167889d-6458-4a2c-a0a1-739da263ee78,3165c0b06af81a0b1a9c7ae5c3cd23a0,2026-04-18 04:13:34.618770+00:00
2712fd0e-fe2e-4358-bb37-e7dfe063c0ab,86203f18aa02411ef5ac8e8adf4dc5b8,2026-03-15 21:37:42.935732+00:00
f9dc469f-21ed-4453-819b-13fb068b7fb5,f8898cb626dad0bd6bf35a36d91cedce,2026-03-10 20:10:17.147281+00:00
ef3b3a48-e864-4226-baa7-7d1594e30542,50f12bb7a8a671e36edc33a52f45c0c0,2026-03-18 07:12:07.506191+00:00
3e7f4f2d-7224-4a60-b1f0-f0ef1107f088,813c106b5ec0f3f567c761ec902b44e9,2026-03-14 00:40:34.103085+00:00
6e947935-0f26-4c5c-b24e-57af55ec5118,47369dbab833bfce3797f459da876961,2026-03-09 23:02:09.278982+00:00
655f43c7-07a0-4889-b247-227446be2389,a997353d0de31f58e98be4d6cb645571,2026-03-10 15:17:41.831058+00:00
f4266a09-7cfe-44c7-9c02-b3e22e26fb1f,6616c350745aa8a00832138238813283,2026-03-10 18:23:13.878182+00:00
9417b6ea-dc18-4203-9b73-a7d09ec04272,2c092277c0a7896b48d2627020e1aeed,2026-04-03 03:47:09.975614+00:00
6b429b81-4293-4707-bebd-e188cf42c014,026d32690dd581f905e467cf22b49078,2026-03-15 04:20:20.379058+00:00
0ce4b3b2-5480-479f-b03a-bdc77773a391,6e947113459679108cbc905e807196a8,2026-05-08 18:51:22.242395+00:00
6c04b09f-f41d-4ea7-8bfe-396ef4cbf392,2c877cee7e1321ab8d76e9b6fb3efdca,2026-05-29 11:26:39.584917+00:00
09cd7edf-8434-416b-9f45-b860db84ac3d,caa75df383c2c73f51cbd635d67a4a69,2026-04-13 08:31:25.575149+00:00
0aa79aa7-c53e-4e3e-bb37-5d53c300026c,9372a845893fe7da99885797cf2af57d,2026-05-07 17:47:30.226022+00:00
638d6aa7-50e2-43dd-af48-67032875d0f2,9b96fbe75028059f662a90014279cdad,2026-04-03 01:13:19.976821+00:00
969bfb4d-44a2-48fd-ac2a-03fa366938a9,124c14d325379cffdbd134ac4faad9bc,2026-03-06 02:55:19.499746+00:00
be2b315c-8ae1-4f51-8088-2b3c4fc4277d,956d61c804f0c40f5bea67de2ad7cafe,2026-03-15 00:14:29.268461+00:00
a6d9a4a4-5849-499b-a350-609254efa8d2,bc0ef14b80507d2ca1caaf362e6f713c,2026-04-21 14:56:30.727195+00:00
709fa980-21fb-4acc-941e-c05cfc6d81f7,f7ff70184ae752b387f058fd70203a00,2026-03-31 23:32:12.791896+00:00
b3398a95-936c-4781-9e1f-32d50e42b9a7,17837c45003b4164769142239ec1d3be,2026-03-31 22:11:05.229295+00:00
c3129471-01a0-419b-af7a-b4538cd31fa5,a8f6f3b33bdd3d56472ae91c36e0d9cf,2026-05-07 22:33:14.131366+00:00
3080ab64-75ef-4be0-a6cd-8434d5145c8e,c98173d6c9466b65d871728b2a64f84a,2026-05-11 22:20:58.418482+00:00
9d190546-088e-43c8-a36e-de497da9fbe0,56227e10f1eef0597eef2e2d6b4d895e,2026-05-21 17:45:03.219910+00:00
86629d8e-2fd3-4f9b-8986-8d560936f422,98a243d7ba472cbd1d64bcb10f9ccf41,2026-05-08 09:50:07.051721+00:00
59db1ae3-7c0c-4ba9-8f05-8aaf05a3a96e,f735458a8aa992c001521197e520bc0c,2026-03-12 22:34:34.236695+00:00
1820ee5f-68d6-4dad-8706-2d1d2c3b8ced,7dd4571ca4ec16afa9bb76c59e1a7cdb,2026-04-05 04:15:49.196509+00:00
db0e579e-dc0b-4b60-8727-400ea1448e6b,a171b01324d41a58f3fc86df3e443d34,2026-05-14 21:57:04.888543+00:00
a4163fb8-2fd0-4c78-8800-cc4a2d2efd9d,0b764786926a61cc1d1a6c2fe3d3f3ad,2026-05-31 08:50:12.079665+00:00
39f40fa9-8c87-4429-8b1d-77d882043ce7,4613b665d7176d1413747603c740a1a7,2026-05-28 21:39:25.706495+00:00
4421efbe-de1f-4941-a2a8-e80cfb53fa87,fcbd6596a83e2fb229e0d111e90e8e7c,2026-03-25 10:05:35.653841+00:00
700f27bc-c35e-41d4-b62e-15b49b4caf58,9a2fef05fb99a34939ce4724a3b0d3cf,2026-05-10 16:31:55.353350+00:00
5e39f53d-ef68-44ae-975b-ac1211cda60c,bf04f1744a007bd222ed06aa3ea60be0,2026-04-16 19:25:08.576485+00:00
cdf08fb8-11b2-4bb7-ad32-c61d48db7cea,dc5b488257deff651b8f2a30f57ef30f,2026-03-20 10:05:45.791533+00:00
5febe602-2f97-4b7f-8f5c-377be713d1d5,79bef90154ef84614e56014bd2d8243d,2026-04-01 15:55:56.820540+00:00
1c71797c-0ef8-459f-b3f0-72168c898842,64c861558df893ed19ef32cc5d5f78f0,2026-03-18 00:51:02.885817+00:00
a633c7da-cd00-4b5e-9442-a0f88c5ea2f4,5e76a83facebbc244a44739f1569f903,2026-04-22 16:22:02.404459+00:00
673ad262-ab02-4314-bbdd-1730857b57b9,4b22acecd9c69541895b023049ba9d5e,2026-05-08 00:49:13.695592+00:00
d455a535-2cf4-48b0-8640-f2d12afa47de,b849b6044d15396484b6eaefb6a2a7fc,2026-03-24 11:28:23.193026+00:00
2e738099-4c87-4c56-8a0a-2be0f46dba9f,99eb3a00597e1adfd2979dc1137a23e0,2026-04-28 09:57:50.200364+00:00
a78d1a88-ea89-439d-8e7e-15e390156895,e371bfcd92e59f1ff7a67bc7ff71d51f,2026-04-17 04:04:19.994269+00:00
7911056e-b5ad-4149-97f9-002bdee2698d,f44f387f663dc290ac259626c64703e3,2026-04-29 07:46:25.609487+00:00
e4f8de3c-31a5-41e0-89c3-f76e1427e22d,9f649a85d00c6e5bed5e84618818503f,2026-05-02 21:52:38.993038+00:00
1935d429-2c55-424e-8ad9-3f576fe6a26e,02dfae72c5876b0efee029284ade5cb6,2026-03-26 22:39:09.738309+00:00
d58e9ee3-b17e-4c8d-a696-8709a32b1263,aa5dee04fd8ff188d85ca2c1cf718af9,2026-03-11 04:07:59.063340+00:00
246533fe-b755-4cbd-a9cd-f21b4882451e,1529062d1d44cd1957da8baf2e858a68,2026-04-15 14:58:02.211147+00:00
1505b39a-651d-441e-9c47-270c5543b425,38ddbeac840c9ff25491a86fd090fed7,2026-04-07 08:42:21.571894+00:00
f5a9a1eb-cde8-435d-b0db-1590ca51dc6a,0d5528cd7b5f0f2fe84dee448c140487,2026-04-12 13:36:40.785652+00:00
407622da-697e-473d-a06d-14cb21e920a3,771507f2126d99e8eb734f209de93a5a,2026-05-14 00:42:21.337872+00:00
78414ab7-bbdd-4b7f-8589-baa7da8ffce2,7ac288642ecb8e0e45bbaa3088b13f1f,2026-03-23 02:30:21.899869+00:00
192edb6d-4f5f-429f-a25a-f75c14163654,a72a7c1c99460021946acbb10ed2e395,2026-03-21 20:45:18.364221+00:00
1961fb96-cc78-4abf-b920-8a877361ff9b,43fa1949fcea2e2443abb962eca2a73b,2026-04-13 05:23:13.207338+00:00
5c653bb5-b250-4ed6-8b51-245da2789a69,c1a6d1dd5fa0123a8375ca1960579ca3,2026-05-18 07:45:42.239286+00:00
da579f34-147b-4d9d-8cb4-cd57426829eb,f21270ba165a2a6b97545ff26f5a049a,2026-04-23 15:02:46.605382+00:00
61686f0a-833e-4cfa-a838-ab4a0914b3b9,912b4dd25091e9016fae97f79c13450a,2026-04-10 23:57:20.616178+00:00
eb202bde-98a3-4670-9e52-abaa7d4bc915,98f29b28c7b47ac05335609847a3a49e,2026-05-14 01:41:09.459911+00:00
7d88794b-5af3-4c03-be64-2ba0a21de79a,1dd3575d3690af8192bee46c4953f718,2026-05-10 22:04:40.768775+00:00
6d77add7-7304-4625-96ae-b34718cb2f4e,1194df8cc09b3172209c701dbde5ab2e,2026-05-06 04:03:23.750895+00:00
1b881e4d-9ca8-440c-96de-3968519abf29,c0a4a85cb81be0cb44ce37da0d590b37,2026-04-07 21:27:27.244158+00:00
c7832b74-5760-4d28-ae2c-eecc62c78f61,44c0de8497423cc66ebc7d018cd54c47,2026-05-16 19:39:24.626846+00:00
ef6f33b2-e060-46c9-9839-eb6281dfadf7,187c647de81ea55e882912492a387a2b,2026-05-09 17:03:14.130178+00:00
1eb21204-a364-413c-9326-5ac7090754b8,47f8f3f1fb4385ee86b555b5f62fd245,2026-03-09 11:41:00.677190+00:00
f6a51eb9-083c-4a65-aeaf-db289e3ae0e3,391358fd9f84bfee78214e5015f19af0,2026-05-24 03:02:25.846428+00:00
d10c904e-2dba-44e7-b63c-a7e041a0aec1,c0eb112c9f5ac17598feb1c6cb8e224e,2026-04-04 09:29:20.099195+00:00
fe46d93a-27f2-4d92-a998-edd81183d950,5de1afe4028bd9458acf1156e05063b9,2026-03-09 14:22:12.379479+00:00
5268735d-179f-4020-95b6-274aa2caff59,bf345560177cdc482e0627e6b7792936,2026-04-07 15:15:41.214647+00:00
088e37f1-5134-46a8-afda-b71ec84aac18,6fd46770e05896597fce1269254cc38e,2026-05-03 10:09:38.540788+00:00
be9611a0-fdb3-4327-b975-bd0cd2ee4132,4ec22bff5f188e78b13d73af5b1b72cb,2026-04-14 06:40:20.423815+00:00
09c39326-16f7-4f2e-aaa0-579649ccdc92,8c4904b2cd2b4b6ce4e4b6b594c590fb,2026-05-02 12:11:25.772098+00:00
5036d4c4-daa3-4c4c-9f16-b5a7f4087c32,83db623f6f2a4c4c0cf5e5ad750956ec,2026-05-26 05:26:11.938307+00:00
d54eccb7-7268-457e-86ac-8cca75414ccb,488bc353d45a696eff69de28513a8df7,2026-04-20 05:18:33.311653+00:00
d03de6da-c81a-4d79-8398-60f834e18eb5,4a1c3d3121f4d7af16f9981f00fb505f,2026-04-15 15:37:00.375189+00:00
c74d6d46-6261-4fc2-a76d-2e79c81a4b5b,557d8d890ba5ecfb1091394c31eb52cd,2026-03-11 13:57:39.839417+00:00
9a86f918-5b1a-4faa-b620-6a43bfc35733,a7ead323513b7d8d2576e77e67178330,2026-03-19 03:17:03.524311+00:00
eb72a42e-29de-4f2e-860c-9b136963dec5,dfc9a82cbf09427602c11c255a9348c2,2026-03-13 00:39:24.052961+00:00
a87d127f-f9c3-4e2f-8e4c-31684b890784,0a6cc1825d0c9867694726db93d0fd62,2026-05-08 01:11:13.347350+00:00
7dc618f0-3f8e-4254-967b-d59eab3886be,98e1883ab2640b47abc1cab7abb9a9a9,2026-03-19 13:23:08.136607+00:00
eebc3208-e8f2-4344-9ae9-c300349c5778,b29ca7640ba62e7a5cbf2ee7cbfa6019,2026-05-18 05:46:40.393954+00:00
87ae49c7-4d88-46f9-b444-5cdbc289ad75,e5ebb3ecf2ed7151b50afeaf112a5d73,2026-04-06 04:33:09.001195+00:00
40cd680f-8480-4445-a4e3-aa6316ff29eb,0ef1f62a3dedfafde4bdf826a00c12bd,2026-03-24 10:21:00.792756+00:00
35052794-4bdb-46a3-9d3c-1d3a86dabf94,a8db509a35619e779924429a74f88d28,2026-03-23 21:46:13.608343+00:00
f22ca4df-8bae-4bd9-a244-8a7fb8ddee9f,3bdb9b8f95ffd8a9902c53dbedc5032f,2026-05-30 17:08:44.953104+00:00
365d092d-c40c-4a2f-a047-b2f46af21c7a,c5c71f5183e8e761890222b5b88759e2,2026-05-05 21:39:21.066794+00:00
3dd9e95e-caa3-4271-b351-b750ce4d95fb,e32e2fa2240d57071d12f390d259004d,2026-05-03 06:45:15.053651+00:00
f057a8ce-c2ed-4671-9db3-3c50fb1af360,04632dbd5cf3a9c02b35296e6234598e,2026-05-09 06:04:12.770765+00:00
cc8f6e46-5d5f-4b5f-9648-b38f4dba70a2,37897eb6faf669bfbca2cd1101f4cd70,2026-05-02 05:59:45.696564+00:00
75847e83-2d48-467f-b3e9-fa1454a20da0,462bc3a0762f5efce327008ca6750667,2026-05-07 04:25:54.312223+00:00
0fbb16e0-a14c-4029-9d97-d0f1646a33b6,69f86924a7dc8401af692b89f26d78f3,2026-05-26 16:30:49.732188+00:00
926e7623-ffc5-4906-85cc-5ad2f8ff0f79,d43244ec3d62b70a4b1b51c8677c9284,2026-03-05 22:40:29.455328+00:00
654e3eb9-f164-4339-931f-62243243b3ae,d49b95bf983a4a1e7dafed0ba9ab54f1,2026-05-11 02:25:38.009219+00:00
322b78ad-2501-40ec-bb9d-8b29f5492fee,97f9e51e997f195dd17e6c123e42aa4a,2026-03-04 12:02:00.645211+00:00
ef001c09-c0ea-4633-8275-414c8ec17fcb,e8fafa32fa1d05d686639244774b600c,2026-03-19 03:40:26.973715+00:00
6fd853e6-5ed3-43af-b297-2998bebb52af,344214d155f153a4c2f8448291edab43,2026-04-22 17:49:20.679395+00:00
afcde2db-257d-4dca-8884-1f31bdc512f0,7b1c9d2f77fd37c6bb0c703b3307252f,2026-04-03 08:41:49.398418+00:00
c372993f-a4d2-46bd-9ae2-e8bb8fcbf8b1,0e4f899b35696abf1c13edc1103f860e,2026-05-30 05:33:57.142437+00:00
c227e70d-d7ba-452a-bd0d-2bacdb2e1a27,9699975f62defced6a99a1553db6c813,2026-03-06 22:09:55.884795+00:00
d7a00637-55e7-4252-8fdd-03ef065e32e2,3f9b2569455bde774b930a4536168437,2026-04-25 23:40:51.926891+00:00
102594ef-ac40-490c-9845-90b65a539dd0,71613a9bc9d2ef6402106b5047ac04e2,2026-03-21 18:07:37.142013+00:00
57c92fdf-bb5c-4855-ae7c-d2a7c29a279a,730644db3668745f3c63fb7d7f53360c,2026-04-19 18:06:42.488634+00:00
6f65f4c2-3139-450f-a34b-eacf83fa229d,a08d41b6ffeed0c01edd5dd7946ac21a,2026-03-09 19:01:28.146401+00:00
fe057952-e84d-40a6-8893-52ca10d04ec3,a0735742da6ff3dd97d50fafa1ed7945,2026-04-24 09:02:59.736524+00:00
04a0027b-58b5-4a60-ac07-fe03e8f8031e,2e3506a4728f6cf3b356508ddb8af6a1,2026-04-17 20:24:16.742223+00:00
93c980c9-91fb-4093-8917-718b52529da4,2b9f9e58f38e3a1ecd0cc7972b8a4c4b,2026-05-21 08:25:48.948152+00:00
19fb6cff-19cf-4b41-bcba-82770eb9d3eb,5294e8e3e657e2aab89114a55c24e68f,2026-03-18 20:57:25.795466+00:00
c48e1aff-57fa-4fa6-ba89-0599d971f119,43a0ebab476d3ef80c3137bc10ef108e,2026-04-13 04:39:40.018103+00:00
db38a225-c8f8-4d55-aba9-bbc8209989a1,3a55436d048486c005b5d0cdd6c7dc61,2026-03-04 05:50:43.913147+00:00
bb72f9aa-4884-4374-a6ed-fd61b1a4a965,7655330eaa0478da312246fb1b33557c,2026-05-18 02:22:32.868945+00:00
eacafb0f-4fb3-4cd2-b1ed-6321d6b36a63,0f347f0fa59c41f1a9a5b42899896d89,2026-05-26 05:50:27.900509+00:00
0a95fa71-1029-4769-bde2-8f67751b055e,fbdd493a5a564565cae2a139ef266f7d,2026-05-13 00:28:25.673687+00:00
7caf3ef5-5829-4412-9d8d-15b4639a6cc8,9fd6942650f92c9a95d32307cc73f918,2026-04-10 11:22:24.113942+00:00
c515f938-16a3-4dd4-981e-fd97fb40c8ed,b763976be110a47f86d3a463ff120f02,2026-03-19 12:53:53.664788+00:00
a7c59de2-76c4-4e6a-b40b-68e9a8b7d892,d9951afc0aeee16eae5192dda110de96,2026-03-14 05:00:43.164662+00:00
0df6356d-946b-4261-a60f-b7d0b5a19830,4302273759197ec6a22556c74bad707f,2026-03-30 20:58:02.276968+00:00
4fdb10ee-0fa9-4d28-aceb-bd5673c73a00,6a7194449fbf49861ad020579a1f3608,2026-05-31 10:06:33.229546+00:00
13944955-b8d9-4901-942b-41ddf7168c21,23d8a5becf6284a45d2518b40e5fd8f7,2026-04-12 01:51:01.706434+00:00
97153ad3-37ff-430b-8a66-bf7802a63228,1ac3ad598106d74d7c09a328d5181c55,2026-05-09 01:51:13.823295+00:00
d75563b0-5161-4e13-a566-13e8dbd639c6,5b0cab866a05dc2ecc4e60d3f39c231d,2026-03-04 03:37:26.963827+00:00
4746a3ee-2e38-4ff8-8fec-ef52c539eb0a,8311643245f91d6236eaab3612224889,2026-04-16 09:13:25.104025+00:00
955d0614-510d-48d6-8150-b790f3338f07,1197986575a90af89d8d726bfe26fd8c,2026-03-29 18:02:30.582685+00:00
3d0838bd-fc5e-427e-956d-ba8ac3fb4e38,633b27fbf943d83962e4c80e88d6dabb,2026-03-31 11:16:04.922063+00:00
b6f0f27b-038d-4032-9c4f-760ab9f17005,a3e9739de07716ec9600ab391ec0a4b5,2026-03-22 21:30:07.403147+00:00
c4d6bcd5-a913-4d53-b000-c6a388638c29,d4d56833fbc4b8d4a4871c8edeabd3b9,2026-05-20 18:48:42.887075+00:00
98bbcb43-855c-403a-b719-8fd97eac9c5e,db37bf1d9b7b8b34c03aa15110829277,2026-03-24 23:53:53.273642+00:00
ef9dd27c-5c14-4713-9f87-f93d75a52671,acd3a2d8013db9a20ced018c40599355,2026-03-13 00:36:20.484338+00:00
1cda4bbb-7746-4782-b25a-b9ba5617155c,5efb7a961ad819818908f909f5e85af6,2026-03-04 03:57:47.032362+00:00
0c411afb-c222-44ee-8229-e685795c2c30,87a5858614ef55a1c3d2446b547ed786,2026-05-17 00:28:29.062396+00:00
a2c9e8f9-3c7a-4774-9258-b36cce162378,c76231acb43d871d5e207d559cd21aaf,2026-04-27 11:11:21.873058+00:00
7158d9d7-b9ce-4c65-a8a5-3801262bc32c,62d9d3df5d2e2163afb2a4b99844b00f,2026-05-06 10:16:44.874661+00:00
311841da-2a14-4e46-94ef-b6bc389f61a4,09232aaf06a72b48f6b9bc3d80d9f9ff,2026-04-17 08:10:58.333780+00:00
fb77fd0e-004c-4a4d-a5f2-47157bebc847,c799c1f8e6e4c4f9f9bcb74b68cc6143,2026-05-30 17:43:55.584318+00:00
0b8441f4-83df-436b-84d0-b5b435df6442,0cbc0976b2d1af4220ecb2dec3a38e56,2026-04-23 10:13:24.890881+00:00
d8ad349f-bf69-40ec-84d3-2272fc1e602b,68b3e1187108a2e86a9d3c6d701f3036,2026-05-15 00:42:25.239587+00:00
03773b3f-f03b-400b-86b8-720199fcefad,63cfa35a6a7ce8e6c18721ac3b44f009,2026-05-14 03:32:41.792619+00:00
e79a22f8-1f50-4967-8f16-00d1acbbf016,f0710bb488e37a00ac1461bcba532910,2026-03-30 12:20:06.370686+00:00
2b1c35a3-408e-47ff-843e-ea68c6c9a6f7,bb5391597cef6904a47fce37f5605498,2026-03-07 06:12:21.706897+00:00
db12ad4e-b0a5-4238-a992-cd102a74a9aa,a632faa828b349724762258cbe3d1870,2026-04-23 09:30:44.942771+00:00
0438bdf1-cd85-4113-b9b5-c564a60d386d,77cbb6e2f8ade2b2e855bb36f308439a,2026-04-13 14:25:22.248454+00:00
37fa9526-9cda-4691-bbcf-ae435ba0d87c,a2c3212462d09d957bc766c84ba9825f,2026-05-13 01:55:32.912360+00:00
f4dde3b7-5a7e-40fb-ab2c-b5384d7eceb4,f44daa098a162a96deae68ab4454f0c4,2026-04-21 14:45:40.372879+00:00
d188da51-c7a6-46e6-98fb-311424736d2e,ff26b7e8d5ab1cc71b91d8b0a9597db0,2026-04-18 12:37:58.944213+00:00
134379b2-d110-4a0d-8474-21c6c762e9c2,d578568436015884d27eea939b5e50f9,2026-03-17 05:33:52.200312+00:00
ad8799f9-6397-40bd-9dec-78a0926b4e00,de7645b33c9e21c8b8445ad3bdc76c7a,2026-04-24 13:49:09.037827+00:00
eb407d7a-6d09-454c-b467-7736b4830cb5,07a159905320fe783a674a1bd777f7a1,2026-04-07 02:58:05.066337+00:00
48584ff5-3fa5-4f4a-b3cb-2dadd814d26a,6e87aa75e81de0f687248aff66373767,2026-03-18 06:34:44.209349+00:00
a3542d4d-2a28-4a6f-bc82-dfa48f1cc587,9d000202b7f625fecd6dfce74888c350,2026-05-25 10:58:51.664996+00:00
bcf621b0-20be-47ea-bb6e-08be70bf8165,b01890fba3317aef6f0986dcf90385a2,2026-04-03 08:42:05.028689+00:00
0174cd7d-9d1b-465c-8b57-faa8a8e8b495,ea2de6e64698c9873372895fe1cc6cd4,2026-05-02 08:29:07.680238+00:00
2ac68cdf-5d1d-429c-b003-19f1011858b0,27df7ef0dd539580163f26cf207172f3,2026-04-27 17:38:04.408763+00:00
2efdbb5c-dd20-4422-a435-999e9d83f26a,0b7d60f7105545a024fcc584232efedb,2026-03-03 18:49:33.433746+00:00
d68aa404-dd36-4016-af41-c90b0265f3a1,d6757361cebc1368d9616dd033b51f41,2026-03-17 05:42:59.729284+00:00
011e39d1-fc75-4bf7-8713-ba794c61764b,7881b6b2c25b69f6b9b1b9a130ee810d,2026-04-15 20:53:15.817641+00:00
f08f52d5-a868-4870-ab6d-9ba4207bc9f0,90590f96d77cdb8de0c721f584166d37,2026-03-21 18:32:05.786019+00:00
67367c9f-e36c-4a96-a7de-1293f8aef6d9,2a3ade63d900cfcd99a2267100788dfd,2026-05-17 17:26:20.961727+00:00
11d001cd-ddbf-4042-ad3c-964bea4a6f97,95d845e294ed2a36fa8aee7e094aa39b,2026-05-23 09:42:10.614910+00:00
ff49cc52-aeef-4e8c-ad1a-82c8a49ce5d4,6f66379f8f0b62ee45051e92e0d53858,2026-03-12 14:10:38.846033+00:00
0cf2aad8-ff0e-4a27-a7cf-e79db19ac00d,82f57a2645386caeb23c2a1e84896262,2026-05-23 08:51:24.119380+00:00
da634b50-6189-458a-ae1c-2bd7b3e92ba5,600bfae6cdc9dc690a9307fcb42827bd,2026-04-24 18:24:33.872335+00:00
ef0126ea-be3b-40af-9dfe-3c906d78d219,0dde2a518479e90069232da1516f0368,2026-05-06 15:50:11.497844+00:00
a0f2cf13-8f5f-4c61-85b0-b6a0a0a3f1a2,df3c2882a4300a57322bb3e343dd42e1,2026-04-30 02:49:40.705209+00:00
7eb3b784-2c46-41f0-b4e3-805a8568b39e,26c202e2892cd23e9684fd16b70c91db,2026-03-05 04:07:20.773234+00:00
3cea7ded-8e41-4fb7-8576-6a5041b46266,499e755bb3df4995d71feb581130cf6b,2026-04-22 07:48:51.501998+00:00
7cdc284f-3f8a-4026-8a1a-f4a8a82884e8,c69fbed3e79602c3d7af01b63cd80fc3,2026-05-26 19:48:02.638212+00:00
29c21266-0026-42c4-929c-8aedd9f54f51,75567abb49f565ac662b9a4c4fdd714a,2026-03-23 10:08:16.738072+00:00
2ffa573d-f753-4b77-a13e-819309510653,f254bb6d8691077dc8dad4b0edee3050,2026-04-22 22:32:59.904124+00:00
bd1689ee-5b17-48ea-b352-865343e6422b,5d2c56148ab90efba575fc41b86eb90b,2026-04-03 05:12:30.454188+00:00
e38f20d3-3c05-421a-878c-f080df0e62c7,8b48d5ec04caea6614de1564a0f03c8d,2026-03-17 11:47:20.913278+00:00
886d43b5-120c-4828-91df-e5039aea8798,2a547d164f7a9285b22d08669e68e5d2,2026-04-08 10:50:44.536789+00:00
e4d3d3ba-80bd-48b4-bed2-799074f75bb0,ebd0f39c38faa3eb5bfa9da57d9fa7b4,2026-05-28 17:05:03.419812+00:00
d06edaf9-5a7d-4b33-903f-3b821a71a33c,fad27d29ed638bb76cfc98058e46e1fd,2026-03-08 20:57:13.485435+00:00
5078f7e9-d372-418f-b86d-101564565d59,0a8e363244baae9d0049c04c426354ea,2026-05-04 10:16:46.686270+00:00
53614413-df42-43a7-ad18-4b19e3f8e4ab,20c60021404bec02c3099d3e4abede13,2026-03-30 02:18:38.851144+00:00
187faede-0c5d-400e-bb5d-d3bf11195906,64fbd3eca9cbcdfd0b2479959b156bcb,2026-03-23 21:11:06.289973+00:00
483d4ab2-0da3-4ebc-ab17-f599155292aa,c901ee487538bfada5050f8f95e24952,2026-04-14 05:28:21.249708+00:00
5b1eb884-f431-4391-bee7-c8676d98039b,396c74add9dcf4cb582826dad19a8962,2026-04-07 13:58:16.912885+00:00
d1124b23-f999-4c4a-9743-adbe55389ea3,a52b69e3e4d89c850444edaecf77e5ab,2026-03-17 06:07:03.512650+00:00
11b7071a-1bbc-49ab-a520-10c6a511868a,9ab1800d0b59ec1ccea0b7ed802ec7e6,2026-05-12 13:54:38.766237+00:00
056e3fdc-f368-486d-b4d2-adaad3e9af1a,5542081f412a34508b66b314634809d8,2026-04-23 03:46:48.919368+00:00
8ada34ba-9a9d-4d33-ae83-148e9f017b14,500139d694da70879fd0875f5542f2d4,2026-03-11 20:22:20.108834+00:00
2c2efdda-0c57-41d9-93b7-8ac4998d57ec,a7036796b6170817feb126789c4a8788,2026-05-04 02:26:48.285713+00:00
6d9c3e97-73ce-4c15-99b2-9d3b1c19118f,49d184f4470abf79d5ff945d574c1598,2026-04-14 17:24:59.325985+00:00
3cab973b-cda7-4d5a-a182-1eba93c60983,1e63015669917cb33fe019b748af73ba,2026-05-06 02:28:26.570673+00:00
ec46ba20-b7b1-466c-9af9-9496c450b1ff,49fea5434ffa88aa49ae275ab1fa945c,2026-04-19 13:45:49.966168+00:00
c5418acc-081e-464b-aabd-4bb6b84f1f53,78051809333e2e536599bc1bd30a44c4,2026-05-07 12:11:17.759509+00:00
0d57b88a-6215-4e7c-aecb-3b6663d33080,1c7c0ce0e0e1918b45678f125b851f9f,2026-04-27 05:56:05.379561+00:00
c4fada9f-53c9-4039-80ed-fb7db42cfbc0,85be2dc361f75b563bc974b05196c57c,2026-04-24 03:10:01.031045+00:00
3d58ae52-7838-450c-912d-616e59158471,81d7e505b0a98003b519cb87cc52cce5,2026-03-22 17:08:35.141930+00:00
8f5eba1d-1f38-4016-b743-6e420f353c46,d2623978c4141808a7685f8aec33e0a0,2026-04-20 05:37:17.654683+00:00
c549bc5e-c180-4143-a6fa-2b823a5ab946,e2a827fe17cbf5c071db60682bd2b707,2026-05-23 04:58:55.726234+00:00
dbfbadae-657f-4bbf-8b96-d4802e8ac09c,8b223671e81913b6c64443331babb310,2026-05-03 18:09:47.153452+00:00
52f1d82c-bc66-4d22-80d0-013d493bb588,3d2e1a133d90d4e209cfea8acd650020,2026-04-27 09:11:19.935999+00:00
4e9328bc-025a-4bc6-9368-dca383c52caf,bea28a785fa9935b19c81662eea46a9c,2026-04-14 21:38:18.618142+00:00
0177be44-9372-41f3-a575-3c3be022351a,46c82458c6eb8f2e9368e9bf8c733edc,2026-03-28 10:50:29.207201+00:00
a4a2987e-484a-4557-9499-b24ea2dccbe0,279e23b44222d454f3540c8861187b43,2026-05-16 06:26:23.020460+00:00
b53c7bba-e1dc-449c-a090-5f4d817723b9,4e0ce6ba542bf709ca780a427776123a,2026-05-05 20:10:46.042558+00:00
47bf7e90-e986-451e-91bc-08099309b938,2511cc034eb708e9171c55c0943263ab,2026-03-04 17:33:59.462037+00:00
d4419d7f-b0de-430a-8fc3-60a43d92c949,c7ed330c778ab0d943b3ac0ddd8a5581,2026-03-08 06:35:31.455453+00:00
75065ef4-26ba-42e2-9465-ad96b2798ba0,a99f7436dfd5a2ca9971052a92b102ae,2026-04-12 15:03:43.043626+00:00
ef3c2827-9937-49cb-8013-139316440f1b,69937c06959850bb31f202e3618848f5,2026-03-11 14:24:29.769309+00:00
a450df9e-bedc-4320-a09b-0fbfbdada08b,66655dcbe53044bb2d633709f32f5c41,2026-04-18 04:58:25.104901+00:00
12c8f4f2-a6fd-43a4-81c8-6b3884ebc412,43e688af25ff961592a4dcc0e8b9c7c6,2026-05-08 09:11:22.400182+00:00
a91f2d26-36e7-452f-a6b4-afeeb43e299e,b3c3fd3948366a2443003da39c305e41,2026-04-23 16:30:15.708804+00:00
a40493a7-de4e-4038-832d-3c13f611676b,50911f4aaaa6c55d9d425054857dd882,2026-04-07 15:22:49.971040+00:00
cc910eb7-2181-4f9b-b911-ebd971a9760b,c4b844f8b06e87a5863c51818474752e,2026-03-13 06:49:09.887563+00:00
521dff29-0012-4f34-bb14-24894b670461,fb17aab10884dfbdd1de54d1885dec37,2026-05-16 16:12:29.375399+00:00
03d0e6d0-dfef-41d4-9711-c7d18da06d2b,3e6c9fd371c1ee8d10a99d49dacd50c2,2026-03-20 03:10:08.478797+00:00
42f484f3-8afc-463a-8998-97c9c50b1542,82d07b1008831ae8e26312a1c2ddb1b0,2026-03-06 13:57:53.604326+00:00
05d63f80-3401-4faa-999c-d5c545c6f374,ff0075f91ac1d981dfd803a5c228a8b4,2026-05-10 10:04:45.617844+00:00
97aa09fc-f772-4f7e-95bd-c56a1610de38,47fe4a0dbd0f58d7a3b138c335738349,2026-04-03 17:06:21.579107+00:00
2e5874f0-df22-4f20-8881-6e97f2f581d0,fe92a6a784bfa1b4ad1bf66e47104d65,2026-03-31 01:48:14.258822+00:00
c4a80944-e7e0-404f-9a53-ebc4816a8902,5f8688a72b51c82a0c84c3b375efdd58,2026-04-22 20:23:29.973909+00:00
dc194bcf-1da7-4012-953d-381c3e67cad0,9a9a8015d78899c8f375a987b032a923,2026-03-12 02:00:06.894092+00:00
bde9de6a-7fec-4b53-ace0-251f26ad34be,01cd25be831fe833f7f45fd1169b1ec6,2026-03-31 03:30:57.649735+00:00
cfd76520-312d-42ba-93bf-c5984c007c61,a336700b56423467b3ac921e70d91415,2026-03-13 18:34:28.444745+00:00
c1a4c935-e980-4c69-a29f-ad50b068c8ac,3570afc290a58cb738538232229d866f,2026-03-07 13:17:25.896668+00:00
2da47b54-c44c-4c1a-9046-ab0d525303b4,f628e290c900e1f55675b6162d6cf3f9,2026-03-04 20:49:19.733773+00:00
19e427f1-8e59-4800-a8df-ae60284bcfe1,36e9d57dfd0c4de4e1ad465799ee5272,2026-03-14 10:49:42.108826+00:00
c952a8ea-830a-4f46-834a-0b6a99422c0f,cc7460d35c8a6ee107ed51d4d3fedfb4,2026-05-24 11:26:46.602363+00:00
cbae0a9f-5745-4d36-b98f-0ceb064e78d6,9c7d881b958dbf5ea41f8d8bbc0b193e,2026-04-26 15:52:56.420697+00:00
0ea04d51-27b0-466d-9926-759e19b2491b,5c9ec928044dffa42154d41b372162d4,2026-05-03 11:12:28.485428+00:00
eb0d6f1f-feb1-4de2-98a9-0f6708a4e67f,1dbb6f0f4e9b2971719e027c19732d87,2026-04-20 12:33:38.517598+00:00
1b7b3425-ee51-49ec-944e-915533bf4629,4db739eccac4abcdb64ab95be1dda42e,2026-04-28 00:57:46.791311+00:00
2fe62561-90c2-4084-89fd-04cb80b8d05c,7c4d577b3a5731e4481e0555aa755cd3,2026-05-19 07:56:58.286104+00:00
4c361bff-d33c-44c8-9b7a-6919c7bde1ad,4c24881f06cd10f45a5805bc52e2cf38,2026-04-07 20:38:27.163104+00:00
c6bf3d7f-455f-423f-b0ae-ccb7d468a174,dc6f4bd4e08a935a4dfc64b4007d9dcf,2026-04-19 14:51:08.697910+00:00
fdbf02d0-7f67-4a6f-aa6e-37f8861345c1,dd6e5ee2e8879d23cb41b9b2e1cab6a2,2026-04-27 12:07:49.342052+00:00
d969bfce-fbf6-4478-8bf2-e9224f6d666f,4fa7cd1641fcbad428e306ca55365ef4,2026-05-29 22:06:29.153905+00:00
ab775aac-4eae-4024-bc59-923e1346b846,fdaaf80a7cf6af9892f69f895a407967,2026-04-25 03:43:20.922623+00:00
75727c02-f786-4808-80e9-3d647816d390,81c9990f403e13862c4c2885cb88fbce,2026-04-13 04:34:53.853907+00:00
fda6a4bf-5870-4876-9f24-5e8a61c7525f,0c2b28286f8c2cbcd2d2f605c785505b,2026-03-22 14:56:16.777123+00:00
d5119c23-b27e-403c-9561-4d9af85be343,7595d7c91c6b59139f480486be8ebb76,2026-05-25 05:52:09.863453+00:00
85b889e7-1805-4b85-92b2-e0812360a557,572bfa5e0f80c7851506d17a9468c7b0,2026-04-13 07:47:50.562880+00:00
32cfeac5-0fea-4e08-8bf7-c7610a5adba7,3d63bf601843070c9e9062cf7179710b,2026-03-03 05:08:02.607791+00:00
92667589-4fdc-4100-b858-459eefc813b2,30d6218ce4ad9bc48d12983703f56257,2026-04-15 22:16:09.074430+00:00
925ecca5-5d06-4921-93f0-653229e1159c,1954ff6c7d69f42f7ca3d817ab4726e1,2026-04-12 10:43:54.346777+00:00
73a32321-e642-4b41-a522-31d456b6ee0e,d829778dc90d66e09974e60836871d6f,2026-03-17 19:36:25.157388+00:00
7836f560-87ab-4b2d-8d70-10d517d26b38,9214d62dd750c5171bae7178e0bad16b,2026-05-04 17:01:29.381614+00:00
52faa349-2d1a-4207-86ce-52aac5566f19,7d669ce75080554dfe0de2e00beab4aa,2026-04-15 03:02:15.068693+00:00
cfa88491-60b4-4ee0-a147-4028614e1d5d,246ed1f8438022035791893201b0cd53,2026-05-23 06:48:19.885907+00:00
00ef8869-e1dd-4475-8509-b1a1574c3f59,c8db20a1f25c8de2eed6e29105620294,2026-03-20 17:48:05.502044+00:00
83a70d6e-6ce1-43f6-aa40-fb373a514fe6,44488fd3e18b2333445ee5a37c7d3083,2026-05-13 12:54:52.571951+00:00
316b8979-fe1e-4926-8ccb-9991e0d714a5,f4f31346214fe0de1956b0fd7fb3871f,2026-05-21 23:59:30.707203+00:00
bd50abb7-18e5-4ae6-8161-0ff42f844d1f,735632a62a25942defd27812cb2ac650,2026-03-18 12:44:41.965451+00:00
b10fa032-6451-4e3e-8875-17418ac78359,afdaaf9bab27c6b2e7dadbda4bced879,2026-05-09 21:19:16.463628+00:00
ffecb98f-c2c0-421b-83a1-6fe3a1fe4a2d,73eb3f0b44303a890ca48cda0340c8c1,2026-04-28 13:34:37.822014+00:00
d330ab7a-60b8-443e-9f47-b626535c7ad7,0b57fc4536e2aa97f21a2a835f0d7738,2026-05-29 12:46:47.555971+00:00
70ff4534-3d04-41d6-a527-3cb51aeafe10,5db4a8be5d63f3b67c98baf9c3e95a32,2026-04-14 13:47:15.434072+00:00
2dad7575-8287-461e-a906-123a7789bc6f,363f92efa90654e23beb2e6ba79d2951,2026-04-25 11:03:46.156376+00:00
0171c060-137d-42c4-93e1-9a69c01d314a,dd5eb01c9c439fc0020ed03bfcec79ab,2026-04-13 06:42:43.760948+00:00
ddade5b9-38ef-40b7-82a7-14573cb28cee,ff30a09e934469b28ba8a739c5c1362e,2026-05-29 22:37:53.501112+00:00
cddb4bb7-facd-490f-bcdd-a302fb83bfb2,5d2fe51afe63d67f22427527fd79810a,2026-05-19 02:54:06.026712+00:00
d06cc8b4-e181-42fa-944d-39eca63d0b7d,325552a3c328cde04956b0d5ebac3f79,2026-04-23 10:53:44.215276+00:00
ad4f867b-e7b5-4018-b689-4408c589148c,98d78c693223e65485ca5b1a660283d0,2026-04-05 16:47:19.256108+00:00
07200755-e3af-4b10-bd16-cc462ce53013,0aef8042731cf3eee8fbf414c3dbe674,2026-04-14 03:30:59.628704+00:00
926387dd-dafe-40c4-b054-ebeb5557a80f,d663945960f122e4862710190bb089a9,2026-04-10 13:00:18.586036+00:00
4dac2ceb-8a57-4c57-87a8-ea07119fabfa,b238b6376ee2783a5a20c948a767d0d7,2026-04-18 01:17:37.521933+00:00
78044645-1825-42c5-9c7c-77ca184bd997,a097f0f4a04302764eee6df76aa8ce62,2026-03-22 06:23:05.826834+00:00
9d20b9ed-d292-40f1-a8ee-936872e24a55,9e3ecc648cc7510f80eae470dae4e861,2026-05-23 04:14:38.103019+00:00
6c2e9b48-95b8-4ab3-a5d0-9984328c60c1,87746126bf88892d97cb660e1acb9d1e,2026-03-10 14:22:29.394637+00:00
9b131a84-5861-41ea-9d6c-27ef12fe5e2f,7059003f407557686cf3141a953f00ae,2026-05-10 00:48:47.283113+00:00
8f34e0ad-91a3-4d30-a1fa-cd3af133dac1,7fb99f62a9df3f2f9bf2579dcae5ca9a,2026-03-07 00:38:10.505396+00:00
30aca815-b371-4324-bd93-1ddf1fbed514,9a9236698184c74f662feaa711086034,2026-04-28 18:21:41.160340+00:00
f3a357b3-8174-46be-89e0-9bfbd4870f90,117ce19e2196ba7809143150266bbc45,2026-03-21 08:53:53.719618+00:00
e8d67b16-6933-474c-9f03-e25a5954d8d8,d86ccb6bb9724b3f8b72585700619c53,2026-03-27 17:17:55.717374+00:00
72129816-b860-4ae3-ab11-3679474ba126,a1ffdb9edb201ce9bae2e38e526a6cda,2026-04-03 22:38:36.581462+00:00
fdfd1ac3-af56-4d21-8403-9b8b7a197811,666b3e670d029a6bc44b0fec3eb7dac6,2026-05-13 17:49:04.417747+00:00
9ae1c81b-7be3-4ee3-8a27-8bfb1b2aa448,bbcef1551ecee0dd1df4107cca1a47ce,2026-05-03 23:23:51.245476+00:00
6d405572-262f-439c-a498-68d586caa4d8,8d30b1ad9532ceee5e57852c6e928fdc,2026-05-23 10:04:58.174538+00:00
2b32e86b-4a75-4edd-9806-977dd45723eb,1d00f318a0b70056046c87decfdba13a,2026-05-11 01:11:22.562445+00:00
d59df1d7-25f3-4c47-8a9a-8a46cfafe84d,f7af14d4aba4b4167e9e9a68f888f3a4,2026-04-20 01:16:24.269166+00:00
c9ed8c85-93f8-48a8-9125-46b26352fc4b,380e330deb25bbd875aa0c538c35454e,2026-04-29 00:42:30.620463+00:00
71cf69ea-ca72-4052-ab58-62691a656d90,53e64ba0fe6170143f2b096ca2e5ef7f,2026-03-08 17:19:27.658628+00:00
6327fd29-cdad-4405-8e55-4e531e095298,81ad2eaa237e0cd51ec9701e3fcc2b32,2026-04-30 18:03:33.162609+00:00
2eb9c138-df7f-4cd3-96eb-12f922292c83,71d5f0bfdd7cd43619d2810ad4927843,2026-04-23 19:24:58.047602+00:00
44750c57-eb3c-4de3-99d4-cc1fb6fa7d86,bc896fae4ddf646921af8dea05107612,2026-05-12 15:53:45.762386+00:00
ed62e8ad-3015-4313-b82f-6a68a7eab24d,ae6209496604be1076b376d6e8898a71,2026-04-04 04:29:07.359638+00:00
7d7f91b3-2fcc-416d-ab8b-22139a3b76e0,9be6427a4ce6116db46a09cd45453b5d,2026-05-10 00:18:20.096437+00:00
8860cad4-f09c-4713-b93d-c686848bbf14,238a5425e20b046423d51af1ac067b1d,2026-05-14 10:35:33.754198+00:00
8cc99eaf-8718-4114-b1dc-a3aae78e88bb,abdf10156b0cdeb4d5709a87787d67a8,2026-04-20 10:53:54.252069+00:00
29ba91dc-53c5-4f59-a62b-b3649d4aad98,f8c5b4d86af70eb1754de3f695d47ae7,2026-03-27 15:53:44.394365+00:00
1c460265-0c4a-492e-b9cf-b100b8a88167,9ef967674058fae1fe2611a1e781a5bb,2026-04-12 23:34:11.438166+00:00
6a71089e-80e0-41d7-b09d-6a006d57c1ef,1fbe4d5afa6ad3d540a5a89cffd2184e,2026-05-02 05:12:41.412226+00:00
9e1b5581-9f09-4283-820e-6f058a0b4592,c1a3053ce3f4dfc43048165d6a39d5fb,2026-03-13 03:03:42.524705+00:00
089e0442-5cc6-429b-ad68-17e69aa42f37,453d7dd3dcfb42700e99878d4b52d464,2026-03-07 22:21:52.495793+00:00
a14b3ffa-399e-470e-824e-93f97717b979,3c764b3070f77fd00cfa2706ccd92648,2026-04-26 09:17:48.139863+00:00
37a62c8c-59d1-4dfc-bcad-361dfdd5d285,b63a45dfd8171dc78e65b8644dc1c1a9,2026-03-24 15:30:55.213373+00:00
8bd6276f-b768-423f-8135-0f770d63161f,b1c53aede51d1298bae591bdfa665808,2026-03-18 14:11:21.862660+00:00
ce0b5448-ba3a-4ec9-8c34-0ad1062bb6cf,9d708d533f8e75424cbeb5528f4c112d,2026-05-16 10:16:30.807397+00:00
d03d910b-99e7-4ed6-ab91-a202cc894ce7,1453da1969bac7dc553a463e0be7ada3,2026-03-17 03:53:44.864807+00:00
f7cd68c1-d1c8-4870-8ed3-07ce94c2e4af,a6c7da1c7a591e25d2acef104d5c188a,2026-05-06 14:35:13.583245+00:00
401cb85d-02fa-4b7e-8669-7b370cab577a,44e6e99e2c262ad9b78203103ff72ad7,2026-03-24 17:01:40.945473+00:00
55ad0ed1-2051-4726-b960-db9f8bc1c203,4b33041a195d27e2ae38c73012746650,2026-03-05 02:56:53.830874+00:00
01bfb5df-3910-4025-8b8b-f7ad3d9c2185,8591014ec769ae217d997dae9583f7a1,2026-04-17 04:15:24.140336+00:00
8e9f7d4e-07fd-4819-8b08-f15f7444f810,e5d118406df7cd4aee75b559a83f4402,2026-04-02 21:45:32.740271+00:00
21c766b0-dbcc-42e8-8e62-a2c35b3e2116,ef3f5d4c0c7d184193c354f9d0dc97ff,2026-04-01 00:02:47.243628+00:00
6a2a760d-5e8a-4350-b661-34a1d1537221,f2aa4fb673f1f81afb040724ae70ddab,2026-05-16 03:35:21.005979+00:00
390442b7-9b5e-4ec1-b2d1-7689075f1fa8,e76b501d1f1107294b3d12d6d97af1d5,2026-05-13 02:17:11.208058+00:00
6e8356c5-b763-4141-8fa2-13d2b7328695,d3479bcef99696b43017195286359ff4,2026-05-05 08:45:53.888531+00:00
7819144d-d0d3-4a17-a085-6d6a026ffc65,19645e1d8d0ecc225b510e1f80c64b70,2026-03-08 17:34:25.466706+00:00
f2488f46-a133-48ca-91ca-e77064f59870,f0375abdfc1b91e644041bce4913423b,2026-03-08 14:13:11.242841+00:00
5a4e9e69-ed0f-4e77-8161-8b8655602012,f5ca60d9ac26ed37973521893f68c4b8,2026-05-22 22:48:47.496742+00:00
82a7d58f-8651-4918-a8a5-c8e08d0f5317,34a14cf41cceecdf24a4be08d9501376,2026-05-28 17:35:42.536247+00:00
c4e2fbde-c6d5-4585-8b54-00e6b4dfc65d,dbfc2fc2bd8120a944b083923ac4ee15,2026-04-06 18:09:19.252673+00:00
35c15701-fa3d-4d5e-b132-3073198535b3,22a8673dfa6720f606d43a94d5946717,2026-03-09 01:59:29.709529+00:00
4cade4d0-1ab7-4a8b-8229-68b5aaee78b8,746422e4dd744a580b30bb07b5a38bd7,2026-03-26 18:27:54.487381+00:00
60533032-d69a-4170-a55f-2d0a262b3ce0,3d91b19e79fcd254ff3850bdb719d213,2026-04-10 02:57:47.323409+00:00
20b9b2bb-55a6-4256-bf66-3f677a413224,513329f997a8dfda7435a5ec11548687,2026-05-30 15:35:40.056336+00:00
3fbf5f3d-08bc-4233-a54f-348af2272e84,13e7a8e8f267d5af11a2f001478738e7,2026-04-16 13:49:14.709375+00:00
81003138-6bcd-44c8-8c76-765e0398ba2f,88e3da135e2282dd9db719c09666dc90,2026-05-29 22:03:35.725943+00:00
fb4d89e7-5633-4c27-9aec-b986e16774bc,62f1459d89d5281a93e7fb3789628e03,2026-03-11 21:37:54.183830+00:00
d2ae0d71-e3a6-4585-afe3-11059dcef907,6f17bfb1f70f24b3e7de59c632aaa500,2026-04-05 10:47:43.690057+00:00
12d0f560-2d4a-4acb-8b88-5591f9d77f34,5dca4f3bac3931e212cf3b9817b1ed41,2026-03-28 17:38:59.519979+00:00
732fdb66-9525-420a-9efe-c8ec799a08da,0b1255945e9783ab435d43ec0c235e7d,2026-05-09 21:32:38.371206+00:00
50798572-578c-492a-bbd0-40cb760eac6b,36c81d9b28c090fbbc50232497271c4b,2026-03-21 06:14:10.965915+00:00
bbf11d3e-5877-4cdf-b202-1bc74d567df7,7ce2d2b969043acfd31f170dd4e554f1,2026-03-26 17:38:12.559677+00:00
3abd6cf7-3c53-4645-843f-9ae797c0b490,ea9fdb2b584c0cef59901ea449f294f6,2026-03-08 01:47:01.789556+00:00
d9706f15-b8c6-410f-a2a6-5b7b6ca854ac,7a00c598fecab1fb6aff564d1c7325d0,2026-03-23 17:04:16.410383+00:00
49dd2b54-a590-4ae1-8d3b-138600e58c5b,9e0c94227d814742a90c5628fcdfb826,2026-04-27 01:38:13.438352+00:00
69359e85-98e1-429f-b76b-c8461e543b8c,2bde3b80bab3459398657edb89a74964,2026-03-20 15:07:03.682733+00:00
1aa6d7ae-e447-4664-b1dd-3c011d76335a,72df37b00a9a1f11f6b5419035449700,2026-04-10 08:56:58.434927+00:00
64367ff8-53b1-47d8-9953-0f36b5de6ca3,0dc508479984ab652f54e1f4faa13e63,2026-04-13 05:03:31.812194+00:00
ce43b849-a7fe-44fa-8704-b56a150b4c20,66d6813bb7b7e9e8a2056433bc13ea29,2026-05-30 05:20:39.897484+00:00
bdec4988-44dd-42c4-b589-307b61db5b67,95b5d7fded782017edf696f733a655fc,2026-05-28 15:26:16.916974+00:00
c2c1a957-41f5-47be-a283-64e33238b876,0877375fc5e7598e171664fb3037c08e,2026-05-02 03:41:32.835412+00:00
0cc5441d-4350-4d97-8821-09a4ad194333,da9c733af5a29f136ab836d2c92fb65f,2026-04-30 10:35:16.040777+00:00
04459f85-b4b3-4ebc-a137-7b5040389581,6d518debd202e5ca7ef6bd719192fab1,2026-04-06 23:35:52.275408+00:00
7ffb086e-841c-45b8-8d8b-6386a8b12a3c,68d4e5b794f1290d76cb157433d28364,2026-03-19 21:42:18.002159+00:00
5fe5e4b5-1cca-45ef-989d-55bf354afac3,b56f776484ad358c9c95eda6a73eb198,2026-05-30 14:20:19.921762+00:00
ae7c7a21-546f-46ea-82c7-bc3863ad7775,65d11294ff515d041280ba964bb8882a,2026-04-10 04:05:37.805993+00:00
0636da63-05ec-4333-b613-333f96b150c5,186f483896d268011f92bcb11b06b6e1,2026-04-21 00:39:15.042471+00:00
807ac5ff-0f6d-42d9-805a-88a94f45efd8,b4ffc99d41e53f3e9b0383aebeaa829d,2026-05-05 08:49:34.290946+00:00
c0912972-b86f-4f19-b511-5516e21112a0,f61e02c41957995b273531822247b207,2026-03-14 05:29:36.861910+00:00
1e725b15-5b63-42b5-bbdc-7eb94c7eefc1,d914097d37ef3aacee6a25837f7959f4,2026-05-05 23:17:30.789481+00:00
e51e714f-1f51-4ba6-b4f1-5f5b4b348e3a,37a173a02a97b1f339951f40d4432d9b,2026-05-06 07:23:45.683358+00:00
1f335a0c-ec13-4415-80b2-73a7f9bdde3a,88bacdd58dbdf49633f671ca2c0b04b0,2026-03-16 20:52:47.200544+00:00
f4a0305f-6d57-4d29-a4f0-f5469037d7fe,b68b8a7bbc889da9c522a93189cdbfa6,2026-04-05 20:04:12.453271+00:00
7f3cc6f8-42f1-4f06-a8f9-e7dac5bf6e4f,3684ee56895a8f0249d5627991330d67,2026-03-29 14:52:52.263558+00:00
69d9d092-04f5-43d4-85a8-c475fb115472,1bc24373538795954276223f8b310f17,2026-05-19 03:09:11.027638+00:00
aa036592-d7bb-4e0c-8ab5-4e522ea61fcc,5913b34cc411122b86516ce8fc0da551,2026-04-23 09:29:46.356231+00:00
db124a83-d948-4b29-8a87-b10513bb083f,57372bd24f58cdefbdb2dceba7d4af18,2026-04-25 02:55:18.498813+00:00
96882076-9ed1-46c5-acdc-6de9b367970b,36ab041888eafce0287040f391c3445c,2026-05-17 07:24:27.493927+00:00
cce411ce-2ac2-44fb-8596-bd48b4e6ea80,6e02cd49d4f4f22f4fc27a37c034935a,2026-05-26 21:42:10.839342+00:00
0b43258c-a5da-474f-b75b-d1429e094303,4958e7e0420df687bb904199d2148180,2026-05-12 12:40:18.263542+00:00
15b2765a-cd81-4cbb-ac90-735a8fb8f8be,54fc553e38e9989a8ef2af2f1c53300a,2026-04-04 15:20:22.821561+00:00
9ebb568f-5eff-442e-8eb3-77ad0f544900,8dc0049495702df66a5de631f2449924,2026-04-03 10:44:29.786428+00:00
61d7dd0e-b8e6-4d8f-b7c5-2ad78a1ebe55,b1be92e17e56ac5a9ec213b999bfab46,2026-05-13 14:24:45.136565+00:00
bf5fd12a-ef24-4473-9b15-55464c8151f7,6b30539dea7642dd33bf149c5b3ba7bb,2026-05-28 06:46:27.914332+00:00
65c563dd-357e-4ec8-b356-3c5f01806c80,cf9e9fccefc9dafff63d88a3e67a6326,2026-03-10 08:46:41.853232+00:00
b325b887-baf0-41c9-b998-1d3e359152e3,7b211f8b708b59ad205f034e2e42d03b,2026-04-26 21:13:58.347136+00:00
a8d63bbc-b79b-4d48-a0ac-1c2e92dd53d0,6a4314d4537edf9d88f8e5d563d5c2bf,2026-03-26 23:15:20.903441+00:00
ace61488-53e2-487a-80c0-6a6b599e3c6a,a3cac5754f2a08d438ae701cc86c54ef,2026-05-10 02:06:35.736251+00:00
e025c774-b757-4b70-bc40-f948e6e071f1,585cb03630b331114dcc7fd3098c4e25,2026-03-24 04:29:40.818294+00:00
babf0121-8665-44c2-a13f-246017f852b0,8fcacae28edd8a9de5c3ea7c3f67abf4,2026-04-26 17:48:36.735730+00:00
38ea7d91-458f-4bfd-8593-1de2a5e6d0fe,3b50bb2243d381fc0a308b8341deecb3,2026-03-24 19:23:31.622772+00:00
a756de98-d234-48c9-a4a3-76467e9415d2,68b866ffd54d5353d4d349302a9de2c7,2026-03-22 20:39:24.000020+00:00
64747972-44a7-4577-b221-5ffd19e5efdb,f71586f4c52ae93e4e411883d5b4ab60,2026-04-05 17:47:31.421695+00:00
5d760ec5-3b3a-4efa-8efc-a1e5c36c3d28,8ad7edb2c3ea88f53a02e7ae524d6ff6,2026-04-19 12:24:26.574191+00:00
4fbfac3c-6c20-4f43-92c2-4d4a25d3279b,2e00f53c9f791e8c783fab31af5ed2a3,2026-05-26 10:28:26.555953+00:00
a7f92cd9-311a-432a-98f3-cba63032255b,b8cbe19902b2370aae8d1e22946c6315,2026-05-14 23:51:35.812101+00:00
d86393ae-4f22-4a61-9800-85f4a80bdb5a,3adb50fffdd405b73cea0a5b801a66fb,2026-05-08 13:47:44.700829+00:00
f54dfd69-5144-4104-aaf1-56702dbc9fd4,f514ca652dbb8f261d168744809dd45b,2026-03-29 03:27:36.303214+00:00
d24e7d01-af56-4cd6-a06d-ea7fd6d2fbad,c3986a14b94c08536cf5582398c8f51b,2026-04-29 10:54:17.578837+00:00
3adfb853-82e6-4f72-b0bf-9d50b510ef26,b545b17087a32c625bc3745ef563d23d,2026-04-06 23:33:36.841552+00:00
e9d16aec-b77c-4b6d-bf46-24085231a8ce,dc1f4d1f879267c7642955d9eb00ac40,2026-03-20 01:41:06.713218+00:00
fab53d95-8b43-4e73-99e3-cf4a08d1f518,a680b10a151cdd19c0874c494dba9e8e,2026-05-19 16:34:49.465349+00:00
750b9a6f-f5d6-48b7-9edb-d0c96e20b596,3ece8393db1671f4b55ab2ff7d72d4fe,2026-05-14 17:46:59.641699+00:00
01e1d5aa-5af1-4247-a10e-0745eddf9b93,2bfe28062af6df7d1a1f2442152ef075,2026-05-21 22:47:19.569248+00:00
b9b8d9c1-13a8-4e03-bfe1-6e2a37a8cff6,38fad4f599126c8cfda3aa20d19cbd9a,2026-04-15 23:33:18.183288+00:00
623e2988-efca-40d0-9e8d-7eaf0a8a3d9d,5b94065dca98b65aef3092c716be6191,2026-03-28 05:14:51.871105+00:00
9b085484-fe81-4dbc-b679-9cac94c0c609,8ddd93797d02e5447fbc0f4315e3442c,2026-04-21 17:26:46.296347+00:00
01d60c7e-5e4e-4450-b2c0-9486c8b703a5,a416ef1b71da64d9ff74ad9192082544,2026-05-15 15:34:26.773565+00:00
df8bd9de-adfb-4e8f-a7dc-1de139319f0c,e2d2ae08169f4e60c6d0b5056e9bb80d,2026-03-05 06:50:01.495389+00:00
b605566f-b522-4500-b63a-d4fb0e12091d,e6d4759add66f0831f17a2bef77ffe20,2026-04-21 19:02:03.692503+00:00
4becafd5-27f6-4463-89b8-90a0b51f8382,ab655cb019eab6392b469ef74989d905,2026-03-30 03:49:53.479138+00:00
eff473a1-c84a-4d32-9e25-a8a5f856656d,578df28c3700b70af673d29e295cfccc,2026-04-27 10:59:56.125282+00:00
a996340c-1d76-45a6-8301-cd5925ce5672,3e1a0a0b94a065b329a85e44eaa0397b,2026-03-30 09:48:52.448150+00:00
3867100f-1589-4031-9f4c-e890dc4cb149,8616c54f7e133dfc3d8f31bd65a8fd5c,2026-03-05 05:23:07.636288+00:00
fb8b692b-df58-42f9-a7bc-3909ab7230ec,f0228730013baca2122f31bf8760dad2,2026-03-13 22:41:56.416131+00:00
c3bf8a8b-446e-48c4-b1e7-8b27f25b2ae2,2b6e7bf413baa514a6e4153b5e81dad3,2026-05-31 12:41:39.683606+00:00
77ab5293-713a-49e8-a7a0-864f7993f77e,7daa2dc19447b4d4e4f2a887b8d46e41,2026-03-24 23:37:05.947552+00:00
ac25dee1-721b-4df8-b49f-a400d34f58cf,e0a1a0d1ee4ed2d4cd64d0edb4c9b43c,2026-04-12 23:57:35.058310+00:00
e58c5042-8a99-4cba-beb9-b65b3c94c80b,9025e495d87d5fca3c5659aa52814ebe,2026-03-28 12:18:18.005299+00:00
078db977-d86c-4125-a27c-6a11bbc42046,9eb930aa94998918e0a3dac149bbf81a,2026-03-17 17:56:07.165442+00:00
26854bc5-61a3-45f0-83d1-591064401cb4,e513ae8f7e81839c67b99e88c1a568f9,2026-03-06 23:46:08.843748+00:00
3ed3edb6-842c-41ab-a76c-132b7fe8490e,990040fd348a28664d6164538c10376c,2026-03-18 15:44:54.784296+00:00
29d60a2f-5196-4570-98e6-9fb95d034dd9,81694c2e47b5a23df9456d9a72adb2a4,2026-04-07 20:49:01.431742+00:00
577e5005-a23e-4960-9698-dd939d165d41,1220960e7945daf21c605e75d63565d6,2026-04-06 08:30:08.196164+00:00
5429bc00-8ee1-4ece-9645-d6783e779f38,fb80f77b950fdb7c49142bb9d8bd7476,2026-05-05 11:49:11.187385+00:00
e902165c-b6a9-45d4-8985-9a44a2e74418,188ae59b96e0435ed3c73dbcc859b224,2026-04-18 09:34:48.256313+00:00
cd804fe2-7d06-42b4-8b34-db1ea3dfb0a2,8a4d3c9527e43bb6010476490f7a8d1e,2026-04-09 04:29:41.222893+00:00
31eb90ed-15c9-4537-910e-11a16e96c5d3,ca1d1becbda604223d2f3c014957474a,2026-04-25 14:31:44.306251+00:00
29286c0b-2af6-45dd-9f85-d8ee0318da23,dc1cf13ff94a6bc92f602378c1350571,2026-05-22 01:14:06.672719+00:00
ecb060f7-263f-4d57-a328-0d383348c656,a24f67de67a0e9db80758bf84385c460,2026-04-28 04:21:34.637763+00:00
dace24fb-5a18-40e4-afee-71d77eb7e727,2c95aca9f3677ddc8143efa3f5656afd,2026-04-28 07:34:52.090469+00:00
959d0e46-0d14-4cc9-9cff-d155dec89e82,0b215ec495b0840535bad9d68b981286,2026-05-04 08:29:58.082373+00:00
033abac4-063a-4296-a2ac-6658e4c9149c,0ebfa9bf40271726d65fa2d8b8f14c70,2026-05-11 15:28:16.543329+00:00
dad9547c-3a91-480b-9f45-26e1782ae90d,314f1364ec92c18dd909cc070772ce93,2026-03-16 03:53:16.453268+00:00
8053c610-529f-4b3f-968c-4eaf6998e5a8,3b070802b54c5ad7af4ff44521bfe45d,2026-04-11 23:30:13.193235+00:00
5b0d2002-035c-44ce-8c67-3575dbe1cbe3,2acade0daf61dbd2addcfc8fc2bf582c,2026-03-27 05:14:40.918209+00:00
3b26b669-2744-4760-853a-39ca3dfb52ca,c69f2ebb4880000f729e587b06dd2ea5,2026-04-25 20:00:27.390989+00:00
f78ee995-8ab8-4314-bc47-8bb6115a9528,d5e38877b193123baeaee0b902b8561b,2026-04-02 11:23:12.317564+00:00
b0bae8cf-d41d-4f9d-83c7-bbe43af92d5a,d9d696aa7aad7897913073cf85992233,2026-03-07 02:12:42.013051+00:00
4396ae7f-443e-4648-9a0e-cdbfe670418b,fabebbf1994548cc56eb4b3abc151b8f,2026-04-03 19:39:36.267996+00:00
78657e66-06a7-46bc-afcb-148717ac4450,a841f55c4e2ea6bbc020616aa31e0749,2026-05-10 10:05:20.803843+00:00
25722cfe-58e1-4453-b195-aa31e4a20e02,b48fd54171f1789146ec4c00c75309a7,2026-05-31 13:52:05.169120+00:00
e0276c7a-ed6b-4cac-bb31-33a33d817954,75e7eb3ab40ee0a878cd049d55eeff41,2026-04-06 04:26:13.248057+00:00
de9c20d6-19b3-4c08-b177-17058cd0ea70,10e41d31fd532c446d015e12c6123ac9,2026-04-25 21:36:47.232155+00:00
11446b82-af83-44d7-b506-ad6fc0494ea6,23d2b8a62284c083a8e181a26f63f930,2026-04-17 11:41:49.793212+00:00
9b3394f7-2b79-4db6-86bd-5662a75e459e,58579abf6a9f718d7a2bf3fb1a377481,2026-05-05 04:57:41.047517+00:00
e9fefecf-8097-4aeb-a11a-313966097c52,b04883a92430da061366668e0d1480b9,2026-04-22 21:18:13.807140+00:00
d52ea65a-3715-476b-92f5-b8f422041470,01193c814009bf283c419e1dd91e7deb,2026-04-08 18:30:48.863939+00:00
6db2f930-c4de-4f7a-be29-27ff123ba5a9,704eef387012784f2a9294429c35f2dc,2026-03-03 19:05:49.334721+00:00
5eed2051-8b1f-45c5-b357-273ee93a8ee3,5a79af164c79eab5ad1c46132044d34d,2026-03-27 15:43:48.010986+00:00
4d63626e-d366-4c77-98ff-92c567e7ef93,2329d13458063bc24a778def93dd1a09,2026-04-06 16:16:44.358194+00:00
153f0e34-2465-4ff0-a237-0dbf97890e51,481edfdbd0c315fd02f2ebf1f5c39260,2026-04-22 23:06:11.968830+00:00
77a56871-669b-49ac-90a3-6d663435924a,e1d21035e4952d8a6da93eab9bb937fd,2026-04-28 09:12:01.224520+00:00
c7fa6496-151c-497e-aceb-716771abfed0,55d1d806cfdeabb937a2986458c85f42,2026-04-20 04:48:51.943777+00:00
dfbc85a3-b20d-4356-97a8-a7c75cc498a6,d42e71b254ffcbd26dddd312f80d11da,2026-04-30 10:20:24.685238+00:00
117305af-0f17-471b-831c-16199a9f1c23,f3fb61d09ac1362dfb8a6a263ad6a24e,2026-04-27 00:10:07.980277+00:00
2562744a-9eff-400c-8a34-9ecee4ada5dd,3f2e66debbf6b50097bef16c1253fab1,2026-04-18 09:53:49.827265+00:00
32c464f0-9965-4e02-a712-6426f336aaac,b2114caf7582b4fe42889bdc7a09a3e3,2026-05-21 00:19:16.218154+00:00
a9257803-0d03-490d-b7c4-7aee257aa69c,ed4b934c116e0089517502c06780e754,2026-04-02 18:25:19.213808+00:00
48e877c9-160a-48c6-8ed5-bc65b1f58eeb,653a9b11edcc48beefdb869557bc70f7,2026-03-27 00:07:32.405052+00:00
34f33afb-cbd3-4ff8-926e-fb64b3018482,f8b3ffc88e41065629b564f07d10c621,2026-05-19 05:10:01.317227+00:00
6543a099-1fed-450b-8bd3-866a89fe20e2,6454a8dfd111d17a7087a5deab5f02a8,2026-05-05 02:20:44.119044+00:00
7c1724c1-9b6e-4328-892b-a2d5e04fd9ea,42f2f5ad27bf7974eac862f31a32ff8c,2026-03-21 20:14:54.719712+00:00
f63a957d-be84-408b-b9b4-20507b3ef5a8,7bff34337636b5f12666dcc9e5bb8545,2026-03-11 21:45:59.711533+00:00
00763cd0-97ec-494c-9a5b-40b016198d91,2d444bd5aa873dc84633eb01c9e56c7b,2026-03-12 13:57:45.752588+00:00
316b959d-f158-4b94-9e50-73ebffc9c388,e62379c259605a1697b104df7414a2bd,2026-05-12 00:51:18.537799+00:00
f021a899-c029-4bcc-86d5-20f6fe28718d,fa294f8f3dd46cbb4067a0df40a44fe8,2026-05-07 06:31:06.464944+00:00
3d8e2099-ddc9-49eb-94ca-03ab67e80dad,05924b6bd2fbea356d82111f40d8c578,2026-04-13 14:31:11.283368+00:00
3628d484-40f5-4c85-a198-af248e718cde,da3d8fdb8bf2aeef85b3df279b49f8fb,2026-05-10 02:40:45.489500+00:00
5c9b2fc6-7b39-46fd-95a8-6f2ebb291378,30f8e2825374bcfc256d09c4ba80c5ef,2026-03-20 12:16:01.192411+00:00
3556d9ba-83e0-4ecf-9d2f-b4b2629681fb,3d33dfcb6a2889bbe632f94e6b2ad539,2026-04-19 23:32:35.714103+00:00
3a951732-0caa-4f8a-b7aa-b97c4b0acfd2,f0c044ffd05b8f3d559f8a1401ee7163,2026-03-29 08:49:45.666981+00:00
cf750f0c-7f0f-406f-b38a-712ec5ba094c,ffebece3703d7cf10814029dbe3139cb,2026-04-04 12:56:03.039133+00:00
454a3205-15eb-4f43-bde2-b62b746993b7,c002e43daf284f9543d2de3cefe3e705,2026-03-26 05:39:49.868913+00:00
d398b570-1970-48c2-9d5c-9a12bf982c97,275695f7e72a3301ac24763139d2e14c,2026-04-15 16:29:49.159004+00:00
8dcbebc1-e583-4894-85f8-07d1aaf29c84,050e3ffe6c265c65adb3430e552e7682,2026-05-03 20:19:43.637021+00:00
8933a26e-cce8-416e-9c42-d41636101871,3152a158600629ad165295af011ca429,2026-05-03 17:12:44.564961+00:00
7913cada-8ad0-4ac1-a8dc-084ae4287588,fc08db8da8f1949a480cf1cd14bd794f,2026-05-11 06:44:33.979805+00:00
55df775d-08b0-42d8-b40c-b0d9c2f74cb2,01f7b9179aa32825e222dbfeea6f3ee2,2026-05-06 23:23:51.082840+00:00
22bb6cc4-cf14-4818-a67a-15b73831a717,61186b6931505234765e8d6e4b429937,2026-03-16 02:32:19.598586+00:00
d8f88bc6-ebcb-4579-98e6-78fc30026ac5,f5115cc2678fd7449c2ba541b27f88b3,2026-05-25 16:06:53.891567+00:00
f0509989-1396-4e62-98ea-b59d9e9dbccc,c0c2e1876fa1309a770cc2eb8287d894,2026-05-19 03:59:36.733194+00:00
98524d2c-24fa-4a13-a451-c692f3585602,78dd98c28108ced175ff318bc2b3ceae,2026-03-17 10:11:29.216315+00:00
7e7760e0-21aa-471e-8384-f1d9d885ea68,90fca698a1c13f71f4c8e751c95f6156,2026-03-22 23:31:26.581654+00:00
1c1d3f7b-f1ce-4feb-8aff-c78b80a9e169,bc025b03c894846da24f788942405294,2026-03-09 05:38:15.793337+00:00
8613fafd-1395-4d6e-8143-29fa60580f1f,77557ff10c8fdcf2a79de589734a6d92,2026-03-12 14:41:50.077049+00:00
bca819e1-c135-4801-96c2-5cf855a7d2a2,bf9931ce778fad8b31329728b48e1202,2026-05-23 23:29:27.114240+00:00
e9724894-0df3-4a9b-b42d-714cb9b92ea6,b07360ae74d3631b41872c5ad21da018,2026-05-20 16:33:15.343406+00:00
9ea353c8-222e-4929-96c1-54b4d7fece96,92c45cf261ef367fbea1305c694c5d7a,2026-04-29 06:47:22.283293+00:00
8aebd0a8-409b-4e42-8622-84d61dcfb63c,804131ce040df60f182dfb8b624314aa,2026-05-27 05:18:35.463892+00:00
f6ef78e9-f89d-4af1-92c9-bc76d6cda7ca,b9db0b4c026691ad1846efc705ac8d50,2026-05-14 23:03:19.558058+00:00
dd24fca3-6988-45b4-9109-15ad2df09da0,004f406a355fe7edf852f852c2fb5d0d,2026-03-26 01:59:31.576473+00:00
d61c0fd2-327d-47f3-b5cb-534fb833b185,b6ab814c153c42bfda0589e3458c0527,2026-05-24 16:55:56.682707+00:00
ba1e5cc4-2f6e-42cc-8d14-96870b4b48a9,bbec70e0f3efac97b12267e9e1d4cd71,2026-05-20 19:15:00.892575+00:00
c48a4ab9-8cab-455d-ab8a-a50d7a2120d9,93d4f4b26e823c404fd74a19c130cbdc,2026-04-17 22:45:39.497808+00:00
ec579e03-afb8-43d2-99da-25b115cd9e3c,b935f345916ca21c654bb15dd8ec6bce,2026-05-16 11:39:05.382281+00:00
3608d12f-a6e5-487a-8503-c477000b35f1,1171705305db1bdd1f0e2d10a6a465b3,2026-04-28 13:56:52.625016+00:00
f808eb76-171f-46db-b479-ff96e0b31f49,aaaf890340e787ce60a0fa854f52166c,2026-04-07 10:27:03.948968+00:00
178f1c69-53ef-42ba-9a53-fd4bf37587d5,46b85ba2f6de487e03cf35ba09f83441,2026-03-09 18:35:52.373884+00:00
3b53ba7f-2c0c-4e9f-9284-59e3005b9c12,ace10211ee659b59d07a8be80f727850,2026-05-29 08:51:12.207574+00:00
6cac3594-3a13-466f-a210-49f75471bf89,87c0fe7fd19eb8b6204a9294a20243ba,2026-05-17 21:10:01.629895+00:00
7b2d7835-c7e3-41cf-9823-b6ea6f486c41,0b3f3c2494b49081bd307029da44c209,2026-05-19 04:08:42.604527+00:00
23ee2b55-a83d-4a5c-a389-9959078c3066,5c7b9bc3487c17e68c5af57ae254b79a,2026-04-16 00:24:30.363088+00:00
4d9eda85-10af-4d79-8ef7-39db9efc1736,b452dd12ae1305cd8922a152aa7e98d2,2026-04-07 00:53:50.148239+00:00
b5f5edc5-dfa0-43f6-9769-c1c48a362440,aebc23e47e1d537dd01617af7a3826e1,2026-05-17 02:47:19.387504+00:00
4162b88c-79d8-4fc4-b9da-856818f2fe81,60eb3a93bdbb1ae724e834be64108449,2026-05-16 13:40:12.978254+00:00
dc92eee4-7295-46dd-9728-5e440a34d29f,eaa7c210ff7bace2d98dac4698beb8aa,2026-04-18 05:43:28.500457+00:00
05727c84-b743-48d9-a3b1-f8776c4d6b16,492bd73bf9ffa6c0e327ee9db13c6f5a,2026-04-14 00:36:02.058426+00:00
49be60f3-22ad-4c3b-b592-cbe6ced02d5c,bd53fdbd6b063152871dae111d5cee37,2026-03-09 09:32:46.475478+00:00
37dd5f2e-8723-4d52-ae72-269c8655b8b0,458400bcdfe8a9ec501605349922a37c,2026-03-31 07:46:27.100592+00:00
69098039-2b6c-4445-a758-627137858f34,0c4032b462b5f5d95732f764dca84710,2026-04-03 04:26:41.219878+00:00
1b23a039-5a1e-4b6a-bdb4-346b85622bb3,7055821b55bd92cc9fac9069f9ce8dd4,2026-04-02 15:41:21.410073+00:00
2f651faa-821a-4b73-a90d-c1745a736c0d,b6fd8b20ce0253240471f3f3140c9f4f,2026-03-29 04:37:20.349299+00:00
984dd265-2aee-4cf9-bef5-3bdf2d9777cb,a7f17f258baa7386b3639b7bd9bd3c4b,2026-05-18 22:12:02.839423+00:00
efc6a574-544c-4894-aa2d-8a16a6d327b7,48b932384a26c5848dfe507fd01e5f62,2026-03-29 23:58:41.717817+00:00
d0c3fc68-94e8-4912-a13e-09b29e5d3d7e,ed9054642d946e5f399c6f09c231be9a,2026-03-18 21:34:13.738364+00:00
5a3561c8-e7d6-43c4-adff-97f69f2adc04,bbd8fb81350865ec06cf510b68dad495,2026-03-08 11:51:55.229951+00:00
454de69a-66ab-46dc-87d9-e7782d05b08d,0f1157a09c513bfe388cdf8a3942a720,2026-04-08 01:50:22.713453+00:00
e2dbc5fb-2b86-4ba6-8efd-f46bd639e1d8,5a46ca495caf584b9bc3663b9bde2431,2026-05-06 23:48:09.440319+00:00
98e8c215-8397-4d1d-9e0a-8518be48c044,ca48879dbf26065f2557d1967114e5e3,2026-04-22 00:34:23.612470+00:00
854a8df0-ef45-4c5b-9aeb-afc1a31754fa,b085f7977ecabc81ab78616cef5afd44,2026-05-11 22:59:23.905519+00:00
263ae0e0-761e-43df-94ce-1830a2629020,e4663b0ac14458efcc80b190b8b0a3b9,2026-03-27 23:51:46.619548+00:00
4868f217-bd26-42f5-ba6d-7cd63cc96c2d,bf399743896ab154c8ec6387dbb51e87,2026-04-17 21:04:07.400952+00:00
7c6e6435-58d8-4738-ae11-9cf4d716affb,ed4e89670f6bbd372d9665924f1472b1,2026-04-24 00:02:21.432789+00:00
93389a01-368e-45cb-9b4b-f8d60d2a8c33,f7e044a010bfb68cf80f1aee7bef1249,2026-03-23 12:01:13.212666+00:00
17c64efb-6f9c-4dd2-85ed-e44e1afdcd49,650e077bf8a62af68e162d7b9664a607,2026-05-27 16:02:25.877656+00:00
92c3afec-1a9e-44f9-b706-4198b194c6c1,afe20c0636f8c272c46999cc218c3fd1,2026-04-07 21:33:33.966917+00:00
67be3055-4aa9-474b-b27f-f930a9c94d66,68d4535809f85774cb9fddbf9d80fb75,2026-04-13 20:24:18.278939+00:00
026108e9-7854-4814-8ca5-f274d625e0a5,038b19b1960312963e55c4b229eb1de2,2026-05-31 14:53:34.745303+00:00
84964ee9-a2a3-4f85-a612-6b76e248aa45,da33a30bb8ea79885f6cd8860767e604,2026-04-19 01:54:15.477098+00:00
4378d232-602b-4635-b3ee-1ac65ef985bc,8ad0984b2e33f81f3cd01311991cd0d9,2026-03-20 10:38:47.122728+00:00
6226cde3-4e9e-4c0c-b699-725f9eb34afe,130c43976b498000176d8e70db89705c,2026-04-21 04:46:33.455200+00:00
24ed952f-236b-4c1a-a58b-87237c5c7a14,f71bbf7776fa6c1a8e5ccf00f1dbb15c,2026-04-25 23:24:28.143839+00:00
5ccb6847-1215-43d7-b26b-b5aee3a0755c,02495d2f1afea6a7a1b270875fc62f8e,2026-03-09 19:38:40.765915+00:00
27507670-ecd6-440a-9ea5-442f88e6790d,13476902215cf7d8be770dc18a85665d,2026-05-11 06:51:26.809199+00:00
1019c500-e638-4a43-985f-7b5918471d2f,f43f6933e787cd5542d16fe80ca21f0e,2026-03-28 07:29:43.723878+00:00
1bac297b-aa2c-497d-a768-51efed8d096e,379e66fc0df04d8bcca49d2db9cb6e8d,2026-04-30 16:17:39.726230+00:00
c318c93d-ab77-4c9c-811d-8f6b111b4c85,43267d2b79a6ad6eb770ea8ecebb7d15,2026-04-19 09:57:45.753707+00:00
24d4ec40-8260-4a01-9ff2-017c67236a86,d89524871b64b06a23b1f57b0ce78d20,2026-04-14 16:00:43.717213+00:00
27b89a40-95f1-4d75-a1da-7f0e357b6767,b82d0aa8eb38c9122e34f7533a536546,2026-03-20 20:57:20.399349+00:00
a3366199-c490-44bf-a167-54c641c62e34,0c431f7b61db5939e69924b91072770a,2026-03-10 05:52:07.150967+00:00
1d8dbee5-20f6-4467-b3e0-6f8716ea5e64,dd024710ac875fcc9e427ca306a2e329,2026-03-18 12:54:36.944333+00:00
b521a693-fe40-4338-9f1b-206e46f2c503,196a2e41ff985631171e9ccfd513946b,2026-03-06 09:41:14.788757+00:00
fa41da5a-b089-46c1-ba46-f358370c4bbb,206ba2c88bd137bd4d10c2d81d1005ec,2026-04-17 14:19:30.570679+00:00
1d3b312f-c2f5-44b3-9647-faf53ac6fcd9,6787d809eccad396aeb02b3b57d69f55,2026-05-03 05:54:53.979948+00:00
784c78d9-8e41-41d8-8aa3-5a351db4f947,0c8dfb275d6f6bc468c158531f54656f,2026-05-07 18:33:10.038831+00:00
23abf7e1-d8c0-4b18-a4fc-327f9b1cec30,e7c1d0efec4d64465b7c9b0b858f98c8,2026-03-06 18:48:47.926173+00:00
3e75ad42-dbd0-4d59-9557-2017d896828a,8e5939fe3cb4b8aac20fa53315f25822,2026-05-01 10:02:32.614926+00:00
0e4a79d7-d3f5-4cd4-8e72-efe86a4bae75,d4321cbdf2643e9f9644ffa8b6c77ae5,2026-05-29 14:33:54.486589+00:00
f64b80cc-04a5-4698-8f13-0f18110fe766,8ae5e7335735b8809c2bccc95b1a8b94,2026-03-30 02:50:01.038216+00:00
201f9e1f-ab43-47d9-9806-6b3aa212b547,e57e32b09540879416221d05268b687d,2026-03-30 10:55:21.124246+00:00
e4aa70a9-2c78-4b3b-a7ce-f1bd73dabc9e,f52827b6c428ff4c6ea1f003faaed421,2026-04-12 22:56:22.597583+00:00
c8408277-b832-4f6c-a908-cdbc388f3451,01dcadb3c0163ad5e5f72a0ee6abac3d,2026-05-15 04:57:09.466257+00:00
61c01191-826e-4759-ac2e-662f45455126,2547333c17eae75dc50c14c3870b02c8,2026-03-28 03:58:26.273863+00:00
73ddd4fc-b173-4457-8b49-31be2ad61525,e5099db1669458ae95fe07fc6bf43e39,2026-03-11 16:45:17.905561+00:00
69acca4a-c195-421e-b925-0c22d4ae7d0d,b6f66f2a0174882ec39c025fe3b8ecca,2026-03-05 20:21:13.661143+00:00
08ae369f-7b00-4bee-8e57-272d7ebbeeff,b93e26c444a441c93235b075e75cb181,2026-03-26 00:14:03.954694+00:00
fccd4240-f22a-4de8-b541-79ed1abb62c2,6d63828bb6d910f7d0710533e379bf72,2026-05-18 12:36:33.722995+00:00
e96f0afe-8761-4863-a3e9-11bd3999c04b,cd0cae5424e739db85c599f8647c9194,2026-05-08 10:39:38.271794+00:00
00a01cb5-8cb3-466d-a07a-4a296a62fa7d,069543d1d69278d3a4bb0ea3d27b52ec,2026-03-09 21:21:07.784436+00:00
1e201122-442e-43b5-8879-65d74ab8bf3f,9b6f9072035f0b234a3d5f1023592e52,2026-05-17 15:58:12.412447+00:00
79baf6ea-b55b-41ca-aa0b-7aa2e87e1ef9,b7bee1268cc53faf9731e47c1dcd13e9,2026-04-25 22:05:45.340255+00:00
5694064f-79e6-4f51-88d1-656f895e5c7e,024798bf15a7fb6e79f7aa198f8d26d0,2026-03-22 23:38:14.942491+00:00
ab74ca10-5123-4064-ba2f-d799ea06fa3a,7bf83f8fc9f0566129c957efe9587134,2026-03-16 02:36:27.225660+00:00
6f64d329-2c1e-42b1-8057-6ea482e3268e,3a5d033e3fb6e9d5d2955aeb5f556ff7,2026-03-10 14:40:06.799715+00:00
0b05dcee-ea59-46ba-a781-76ab2ad1a96d,40caa39ddc0fcc4bf2e62ed81762cbef,2026-03-03 06:51:06.383595+00:00
a6be8daa-4bbb-4760-935a-00291094a085,a68c63117bf0115efc824fac65406e48,2026-04-19 21:19:17.712704+00:00
1a24fc37-b85a-431a-9d4f-b959a7c44732,bbe568918c4bb3d5599cf62dc69cb9bb,2026-03-31 18:57:23.105437+00:00
0f06bc7a-f2e6-4e4f-b976-6b644041cc57,b9c0a3a05a6959382c1c1b11bdf4946e,2026-03-18 02:22:28.155701+00:00
38ffbb7f-fd52-4e9d-aaab-73c33a6ee8d6,ab2b49b23759f90580b48befe2262b51,2026-03-09 01:21:11.522958+00:00
9f4a7d1c-4abd-47b8-8b34-9519cf4c64c5,c291cccc72a53774fce4cc8e887fdb9e,2026-05-06 17:12:51.213005+00:00
c9e5bc53-7880-47c6-8074-a56afcc69b2f,23f99867a2ba055d2eb1b83c67ef351e,2026-03-06 02:36:39.175362+00:00
1affdad9-0b75-41d0-bb22-7d937f2b0c8a,3076e6ebad1781b42431c87c8a54935f,2026-04-20 09:19:33.179430+00:00
04716b1d-52c9-4d60-a1b5-11a497b26dea,2c44c60fce0856a4aefbae9ac1d6202b,2026-05-07 12:10:34.525398+00:00
876e8437-8eb5-4520-8c58-56ea6d0fb02a,477c37aa1c46a6c11afd164923555135,2026-04-30 07:39:12.258325+00:00
d156ccd6-5757-4ba9-ab65-c783b5c8eabf,b1c3f04e60c531ec05a6f3a6993d8ec8,2026-04-27 16:24:46.707484+00:00
062f7e7a-4f2d-47a8-87af-f9784cdc3080,243e3829e7d525de6401b82632808a02,2026-05-25 22:07:38.642770+00:00
6cf3d83d-71d3-4ec7-becf-efc15ea366c1,9562a967b3a280638478c4b9afdc1694,2026-04-16 09:44:38.257789+00:00
f67fc30f-ad69-459c-bbe9-310305c30ef0,cbb14d0c0f4fec676767076c651e1c51,2026-05-07 22:44:04.223416+00:00
9ad40d7c-7a39-4afc-b84a-373155e1bcf5,ecbf1291c871b55ef63c44926052ede7,2026-05-30 03:40:47.845860+00:00
0b174e08-42bb-4357-bcf4-40b667ec3ff5,e663a8bc0d14a1515abfad71f836e234,2026-03-13 21:37:02.578840+00:00
7306a9ff-af73-40d1-b569-9c654f6087b8,af1c168c20126bbf864e7461dacd2743,2026-03-18 17:13:22.809390+00:00
625ee224-a840-45ad-991b-d01bb1bd0c85,7880885e8398dd8cbbbee724bc8bef33,2026-04-14 01:57:45.034984+00:00
35f4c58b-5ed8-4c75-a4f3-d8c7ae31298a,1b93404b818347e333d35aa9a896a371,2026-03-25 10:31:02.071568+00:00
a8a5bf81-1a16-4fdd-b927-8914f6161feb,0aaa344062639fe68596e8ccd2ffa542,2026-04-06 13:03:38.702310+00:00
7779c9fc-4cdb-43fd-8b4f-9fa68993b322,67aad6e813f79b72a4885f62e34c07e7,2026-05-05 12:24:46.944859+00:00
af88b109-a0fc-4d40-aae0-d5a059fd222e,4bc9085acf6c39c65e0e96ce4a72956f,2026-05-18 20:31:37.214015+00:00
6af250e0-8c01-49cc-a5d0-3b6c6a9bae7c,32ed30ae890b7e266c4370196835279d,2026-05-04 14:21:51.973534+00:00
f028393e-ee7a-49d3-adb5-b719e1867fb1,598038b5975e02542ef204e1cd26d55e,2026-04-21 20:17:21.545673+00:00
05a60c17-efce-44cc-989c-b9706d2a3d1c,c1bfba54d767616bce14262880ca0ef1,2026-03-16 22:48:07.000584+00:00
29bbaa84-d7b9-4443-8979-1194e96497af,7d4a4430c4429b55a36ad53d0c77e71d,2026-03-14 21:07:53.803292+00:00
38bd86a6-64d1-4a66-9468-2ce6ef496bca,8bb67ffa528165dfade82531ebe0666b,2026-03-20 10:13:45.599337+00:00
ec7d8650-e808-479c-a486-021d45ef7c53,a1dd5ad2febee7a6b5cca4acab478de1,2026-04-04 02:25:23.183995+00:00
2806c5e5-f1af-41b7-bbdb-3eb35c876876,2c63037917a1f48d216da45e41d76b7f,2026-04-30 14:22:07.439326+00:00
da893211-e672-489a-9b4a-ec59071eece4,0247f168a46fbd609d90e9ed807378ad,2026-03-10 03:21:38.691447+00:00
189a9cd2-b97c-4002-961a-3c343548dc10,1755001ea3d87bfb91e9f080880465e4,2026-03-04 14:10:55.765353+00:00
6b7102e4-9d7c-4ea5-85df-fe6ed3b859d6,0f26d79a30af865a2e3eff41332a9ed2,2026-03-12 21:27:54.473300+00:00
4a99bfd9-2d37-491e-8e56-7a6bf8faa572,bdabc397fa10b2911a7aefcd45f84cf4,2026-03-19 22:31:37.484479+00:00
03c82795-3368-4abd-8f54-4984f499c114,00589b88ed80da135c3b08090bcf14aa,2026-05-03 22:05:55.740171+00:00
c0723ea6-8bfe-4d58-a09a-91c4bf667f25,0b3e2f328948ef26875c46984e8f76b9,2026-03-03 00:00:00+00:00
5826b91b-b0c5-4278-ba41-a9c8d725c095,3318ed8e870147d1032216d3590fd34a,2026-03-10 21:29:41.871944+00:00
f5342ad0-3593-4c67-83a2-0aa76dd49cb7,0d559773d8345ebce8886aa194df00c1,2026-04-11 15:48:04.407044+00:00
bdf83384-6a7a-410f-b2f7-99783349535d,ae5e15be3a317db5f909343dadfebeda,2026-04-13 15:35:54.236912+00:00
c1b3b64d-f7a3-41ea-8e2a-107c74bb40d7,8c8249235a45fc664302912199e13faa,2026-04-24 23:19:44.893123+00:00
cd7340b1-5b3d-4243-b0d5-81aa4d95f12e,5c33fed4b0e8b22fb24cf5e33681f090,2026-04-19 09:11:34.057271+00:00
20c8937b-93b7-4b16-9362-b419377b8675,355aa19559e19de497da9259ad872533,2026-05-20 12:45:24.974735+00:00
249e2e1e-f79e-4d02-97da-067b7f0f5e5b,20e4090048d0f016392bafcf7187be67,2026-05-30 02:57:52.510858+00:00
2001809b-3209-4a97-bd50-2e7b07988aad,685fed6334e35005ecce31b7365e73c6,2026-03-03 00:00:00+00:00
e3381b9f-2313-42e0-b68f-6682776b6792,469c96142fe898a94ac1ad31c1e09d5b,2026-03-03 00:00:00+00:00
d6bc6980-8ea0-4d45-8a9f-9e1bed9bfb37,554749b4e35cbb44a0a4fd6c0d8b982c,2026-04-27 10:35:39.676889+00:00
37d47416-88bd-44de-907f-5aa08473d45e,79b4da1baf4d319dab39a1c151aa5aff,2026-05-12 22:32:18.537508+00:00
7f3f65b2-226b-43a8-ada9-586a7d94e06d,ac6b9f09db8d2cd6ace95f14f523ed41,2026-05-22 11:52:05.752318+00:00
82db8506-7a59-4c37-81a4-aa4bf95e367c,09e07b47af66d2337104a7ebd3ff8714,2026-04-29 13:37:32.177912+00:00
e298308b-641d-4753-b9e6-2cd27b001f49,2306a3472cfe7d3e744b84c9f4ac324b,2026-05-02 22:06:25.084837+00:00
a818a0ce-57a5-4148-b8d1-6561cb6b06be,c9b89c23eec86ceb055e088fe882033a,2026-05-10 17:05:34.181043+00:00
e16d3c39-3eab-4614-8dba-0feccb2d4b75,5a9c53b875bce4ec2920b2539ce29fb2,2026-03-24 02:21:58.246489+00:00
e3aee6a0-d244-42b8-93fc-d7cf09701da1,c82a141a118483f1def708c4624a5e1d,2026-04-13 16:47:41.965830+00:00
b1c821fa-cd7a-4700-b32e-44016d1a04d2,6077ba418b9833295d4b83e8c6bb272b,2026-04-16 04:24:22.479165+00:00
5ef48450-d38c-4f8a-aa62-a16aa4ac2913,8a335bb6cf73e1c8db90edfc73d2cf95,2026-03-14 00:31:15.749762+00:00
0b21ac0a-a8dc-41eb-a661-8679c2673d0a,d2d7590a761c7de09a8305dfab0edcd6,2026-04-11 00:28:02.118161+00:00
7e7e53ec-1adc-4165-a74e-1eef2d27b430,0c84be8819d8c0fffe69a83aef5c5296,2026-04-23 14:49:43.293747+00:00
918a5a5e-015b-41f4-8d7d-586e509d963d,a6f9dda335e7357e82219667716ec78b,2026-05-24 06:15:57.359562+00:00
1baaebbe-8001-4a6d-9f24-acacfc2ae904,2dcede770f6c344eb94ab676f581b035,2026-05-28 18:53:50.913785+00:00
44129cac-5e07-4fad-8c29-a74271a36f7e,eb9d9ddeddee4927ee8a86705c207bea,2026-03-20 05:59:48.886527+00:00
8b0017c6-6b84-436c-b912-3cf11a6ed08b,cd6693cfc48e2231862634f00514f9d5,2026-04-25 05:53:01.107051+00:00
47fd3cfe-effd-4aaa-bfbb-4305de35bb4f,d8bdbf56ab30779f1bd0b95c8ffec120,2026-05-15 09:42:57.302397+00:00
e3877626-38d4-4bd7-8418-404276d74855,87c43160d5f0d007881794b5bf8c9f52,2026-05-19 23:54:49.434699+00:00
83fc04e8-fa8e-4235-b967-54f83d6531e5,206b033cc157598ecb3962c700dd87bf,2026-05-31 21:31:38.139101+00:00
21d0dd7a-c2be-4b33-b1a9-8afd60707316,bc9a10104f9c5171756f9bfefc7839d3,2026-04-16 09:35:38.764496+00:00
29c0f959-eb8d-4fb5-81e7-9c6ee6824037,1a2c11d540c0fb93a7c1f89bc8574740,2026-05-14 14:17:58.805088+00:00
94036f82-ac90-4265-867e-bc27c61cc21e,1783f4ba1b72e8d4bea78311fea0d7ce,2026-05-20 05:29:28.444022+00:00
42e79cfd-fa65-42ae-926f-085381a0ca04,f0bd64a1f5403275478e3d456b7b6dc4,2026-03-03 00:00:00+00:00
5d5dc0bb-d4b3-44f7-a5df-2e1ededbc480,c01fa265d741158a4c0909a831a12c54,2026-03-03 00:00:00+00:00
ff452473-9709-4636-98f9-220146c244ae,5fb9ec0bb7b7f53faf735b786fba0534,2026-03-03 00:00:00+00:00
c559cf2f-0d69-409d-8049-5dd5bc7e3644,b813ebb1dba33298bbb987074e906127,2026-05-08 06:32:35.450624+00:00
95583e8f-88fb-43ae-9b29-3f8cb33fcfab,c06bbd349b12c731ac2d9d74f81fafaf,2026-05-12 22:18:46.484643+00:00
02739ebf-9ef8-4279-9a33-5ea4e852d414,0ac327e6c29717e245f03386ce077e9c,2026-03-03 00:00:00+00:00
82355584-276c-415a-b262-372d2886a455,c8a8646400adac6aa33d0205edd0ab89,2026-03-14 01:29:08.863088+00:00
d4b63c94-dece-42a2-8806-2714010e52f8,ed222ec7f8bad710bf3dcc825d9c99bf,2026-03-28 01:18:47.755532+00:00
291d8159-a70a-47a5-8f78-ef9e66b8c7e4,d7802fae04e145fc292f1e75b040991d,2026-04-04 08:33:51.272810+00:00
98cd78c4-a1b7-4c01-8363-d2583803a8ee,e586c88c0fe3e894754ec3062c3d5b75,2026-03-03 00:00:00+00:00
244adf3d-3995-4f53-bfb8-aef58e484881,1fb64df71b28fc719219155bc0a0b34c,2026-03-03 00:00:00+00:00
c69152df-72f6-4d87-9c8e-06e9cbec7096,b26d4ea74024edafe49d9ea18a24c9b7,2026-03-03 00:00:00+00:00
5149ecce-654f-45b8-b518-a03cf4967f4a,25a618e2d645e14273fb2cce63638f5c,2026-04-29 04:48:16.625277+00:00
cf74124a-300b-4c4f-ab32-1dbac26e2d9e,eed5116aa44c13e372af93a07df89008,2026-05-12 08:13:32.881397+00:00
008d252b-5dac-4e4a-8b8f-f52ff6982515,093a56b500bc2fbf074a923ea0920423,2026-03-03 00:00:00+00:00
ca02318e-a30c-499d-8e54-1126ca6a8999,4250edf690d18ed11c4424a2415b3c0f,2026-03-03 00:00:00+00:00
59aaf479-b809-4aef-b039-1d086aeb669d,2daad4bcb0861e263ecefe732d2f4c69,2026-03-03 00:00:00+00:00
b7620846-0121-4cc5-b3f9-be1926c035e6,710e2f48a051a838a8a3253bc35ff96b,2026-03-16 21:16:27.659761+00:00
9b1675a9-635d-43b1-b827-0766d1613fd6,0ad7cd6accdc360f1f5192549f6cde26,2026-04-14 05:39:35.281341+00:00
0bcb151a-06e9-406a-bdbe-a1b4c6a38df6,60127d63f05024e6a6f860aed1442993,2026-05-19 05:58:44.258240+00:00
666d88cf-3d62-4d52-9a04-78f98ae3c17c,3934cd54280f7ae2b674e3742d0f0eac,2026-03-19 15:29:21.217115+00:00
4e4a0486-0cb5-4d06-8978-be8f976d131b,cda46444d978a1c6536ffd63383d7b87,2026-04-10 18:37:51.093976+00:00
7a0e9d36-92a7-4a3e-902f-d1ec4951dc86,60a0302b0f40d6c9eae5308d05360999,2026-03-29 06:04:36.710545+00:00
51b71b1c-03da-492d-b6eb-a23907300370,b8a8a70331123ef2a33a4d26cc93dfb1,2026-04-03 10:08:19.213886+00:00
aae37127-39cb-4cde-a242-799dad0666e7,a7d1db270f908cefff6d77252bc1e02f,2026-04-27 14:25:24.191502+00:00
dc224da7-2290-406b-bef5-7031a22b6ea0,2831b609a63a5dd392e1511bd1c2d253,2026-03-03 00:00:00+00:00
0129bc22-100e-4482-9009-e4a734dffcb1,ce4707c059f78af5d639bc3693f0eb31,2026-03-03 00:00:00+00:00
ebb3c618-3583-463c-9d14-bd2ea75db788,201cd5717e8b94da315d7d750435ae48,2026-03-03 00:00:00+00:00
475c4abc-9c96-48cb-83a0-b9a32b80bbcd,577fa8c6acdcf4bb5c33b6927edb992a,2026-03-03 23:49:26.371923+00:00
776ef6f7-c358-4795-86fd-93d73805906a,d24bffd0a88e68a4d6f67d290eb92646,2026-04-06 18:21:41.814194+00:00
261b9efe-dbe9-45bc-b948-5b7c5a1a9d8c,f9024dc4ed65b43cd6146a85c15e0fa5,2026-03-03 00:00:00+00:00
2c9d75d5-4301-4497-a22e-923001c9646f,7f44d56f281b556f43ab7ffbec0c165d,2026-04-12 06:19:13.412183+00:00
3b809838-9bd9-4eb0-a56b-75a207db2d6d,6fe1df1c778d07d14ea4036e495388fd,2026-04-19 08:37:00.537484+00:00
0a04aea2-0c66-4f4a-b9c5-0b58e3057308,f635840fd7d04d6c23f6e8ce55229bc3,2026-03-03 00:00:00+00:00
e3e4a264-ef0b-44fa-9741-b11d571d8f3c,5421d0ccfe4bb564a5fc36e09c15356f,2026-04-12 03:54:02.055303+00:00
8a137c33-142b-4abd-9216-41b179531113,4a4cffdb3c8d998d788ed08b8d6c33cd,2026-04-17 21:11:08.422197+00:00
ff124230-99e0-444e-8f84-dc7c43e3b99f,0561f983828d2758c2408712710f1091,2026-05-17 01:50:12.493192+00:00
92702cf4-ff2a-4586-8dc1-287216eec636,acd078c082f13cbee641ac44c89d66c4,2026-03-03 00:00:00+00:00
44ce393d-40f2-40c4-90c9-4a6e952ac395,8aba255a6725d4fd1357b0acbf33affd,2026-03-13 11:32:26.129362+00:00
9bc76251-1914-4d18-a9f1-105ce504598f,89389b3eb0497b4317c198a3798b6c75,2026-04-28 14:27:35.137094+00:00
ae3e96ad-9a05-4a0d-a201-888914ea280b,ac7b7a729b132b40c28bbbbe3f5aa463,2026-05-19 12:44:38.894872+00:00
d25cfffd-efa7-4667-9690-02e5ba51a9c0,fd9e1df718efb0a9bd1ec5768d126707,2026-05-21 12:57:19.142021+00:00
145fde08-7ec9-4e3c-97aa-39546a090cac,c1e67878594231bc1a24033c1e7be853,2026-05-30 02:39:47.729921+00:00
86cd21a8-19d1-497b-8883-67b296963910,0b8d903c204985e5945f3a108b5c625d,2026-03-07 13:21:19.545954+00:00
9add3d38-09ac-479e-b2e5-001a1bd1db6b,e1856ac35404bed84daabbbc5d12c0f3,2026-03-17 17:06:17.762093+00:00
6e23edd7-b430-4109-94bd-319b1a526b20,57abde1b6a98e8732eea90d1f92413fc,2026-04-16 23:14:38.219345+00:00
f50175f1-bfe9-4e7b-9e93-0592b501f14a,c4ba146482238241035e2ee949d56789,2026-04-20 08:50:03.033400+00:00
06579dbc-201a-4763-93eb-5bc64a083c5b,d4fdbaddb0cba01c44993b617173b7cb,2026-03-03 00:00:00+00:00
877708dd-82d9-4028-b805-8ac01f3e19e3,b0eb8e2031a9829da8a9eb2ddea198ed,2026-04-06 01:34:00.278791+00:00
90823912-8394-4d78-a77d-81e530038a17,3b1ada279c65a2de0fe126a5c7f7ff7f,2026-04-11 14:40:40.246883+00:00
34605f01-0883-4f67-a5dc-3f6134d7c61a,afcbae97e38b14b2edfc47f5741b4fcd,2026-04-18 07:25:12.630790+00:00
dcd5b12e-eebe-45d2-a615-9e308cd51c0f,8e68dfe9e379a1f62f14afebd19b04a3,2026-05-24 04:41:22.754371+00:00
09f0421f-ad49-4267-881d-7ffd39d84c64,2e966962a547c1275169719d3eeb17f4,2026-03-03 00:00:00+00:00
764d4fda-6eb4-4292-86bc-ce16403b4a91,0fb2460f0cf46625d7298520d6aca6fb,2026-03-03 00:00:00+00:00
8a32ec29-2112-46bb-8967-bd2a07e1ee0b,18607199d0a51eaec2f0b15eef43a496,2026-03-03 00:00:00+00:00
36620e5e-e01a-4dde-8cac-8a9434c6f14c,8d4b3b0c789e0324b769bb0d81b21c06,2026-03-13 11:01:00.722167+00:00
c78bdda0-b5f4-4573-8823-44355d9cf41c,e7e96d48e5cb3dfda2f7bebedea97c5f,2026-04-26 11:59:34.756263+00:00
e8552498-f899-4009-86bb-2146a5c58af8,24a81ad9cf24845302a01f4ae948f416,2026-04-29 04:40:03.036684+00:00
51e39e35-a1b7-4d05-8272-adc6cbcd663f,b4866f21212ffe10c92517beb400337f,2026-03-03 00:00:00+00:00
e61531a0-2a1d-470e-9eb9-f449aca2711f,627d8b5c8e2e101395aa59c9abceb245,2026-03-03 00:00:00+00:00
82436e5c-ae09-45e4-b336-81b2bc11512e,1f0a362b26082f6480ebbb9b738f77bd,2026-03-03 00:00:00+00:00
8bc0e550-6d6c-47a5-933a-d10f2bbaf1a0,3c426454b31321fe9187058eef14ef89,2026-03-03 00:00:00+00:00
5249d591-77d7-425c-9bf6-672aa66a801b,9ef84dafd31c5a22373ef7d6308c1395,2026-03-03 00:00:00+00:00
585114e0-ea09-48c6-aaa4-b995f7619634,037c154daa838fec30f44536050eda27,2026-04-02 03:06:51.450493+00:00
901a34df-183f-4b21-b162-a713eb8a770b,fdb9c729fd4e33c3f6209b0725dd0541,2026-05-01 16:29:57.402381+00:00
adee5795-b258-47cb-a0e9-300cb13dc5b2,de775bc08e103205857ad81562e0abfb,2026-03-07 19:00:45.654829+00:00
7dd6a5fe-58c6-4c9a-a4a3-ff99dd82182f,98c02037d14fef99b9b08afc91deaf3c,2026-03-11 23:46:39.405248+00:00
a1354efb-af7e-4a59-9593-b8bbfd449384,cd98c82d9cddd2193518d3d978e5673d,2026-03-25 02:14:37.912434+00:00
0907fe9f-96df-480c-a71d-55427a4c1015,3acbf61381407434f59877c07aa85dbb,2026-05-12 12:55:14.288930+00:00
cdf14c02-5345-4889-b7d1-d2949d451947,406482fa0a7bec11b4ec1dc22ee4ec84,2026-03-03 00:00:00+00:00
c5bbc9ca-8247-4fa8-b0b9-cf0326f82bd4,07f0a3ed8b5eba159e8d5413e2854266,2026-03-03 00:00:00+00:00
e78ddcac-61f3-4010-bdf8-b1bccab412d1,ce6e868fdabe714aad86894636a2e5d9,2026-03-03 00:00:00+00:00
ac6f1df3-5a72-4da9-a3b0-cbe705bbc5c2,b142f34bf312bf0bda1e50d284bddcd9,2026-03-03 00:00:00+00:00
ecb3efad-2efb-428a-9e7c-976c673d81ed,97a283970e67b55b4028295f4021eb1f,2026-03-18 06:54:29.804226+00:00
923ab247-9d1b-4edb-94d2-ae84bb3758e5,88106ed1d090ca7c564fd21062598624,2026-03-26 21:44:30.459818+00:00
2999e74a-3504-4fca-b883-c6e1bc778083,03ec749e4604bd65e82322ceb99f640f,2026-04-09 11:10:43.742552+00:00
62257bb5-c9f6-4aaf-8555-b3b79656baa0,4fd34ef77393c91c0be0b5ad903806dd,2026-04-23 21:51:04.356715+00:00
7fa8450c-7971-46c0-ab24-2555f72c08b4,cfc7f781bc3c8f89ef9bff1ecbd49422,2026-04-29 11:27:25.948266+00:00
6aa0153e-87ae-49fa-8deb-b48dbb0d1347,314a3c9840d4ca1f2f9267682b5bee3f,2026-03-21 20:20:24.773814+00:00
f37069cf-484a-4336-9fea-e5241e4594c1,af69f741a9d1f118acafe779958ca13c,2026-04-09 14:28:45.485176+00:00
fdf03896-bbc9-4129-887b-0d58152279b8,00efc73c3a2dad9713841accd634e9b1,2026-03-03 00:00:00+00:00
56a7ea01-e34e-4693-8048-fd54f4bd2b98,58fd93107a30aa2ec16d6b32ef082bbc,2026-04-21 11:49:06.929232+00:00
84635734-3cee-4309-96ef-ef85790b2c46,579f67184f96a4a2b786dd1d42024c04,2026-04-27 00:07:34.604433+00:00
439b480a-62cd-4f45-9931-b006e997d73d,ad0a5657d474fef7fca91c96ef7cb34b,2026-04-28 20:05:21.266598+00:00
26a1ca7b-301f-4d1f-b8ff-3a1b9c736bd1,4732b1dcf36eea6fdc4499c5bdec029f,2026-05-18 10:58:31.265749+00:00
5943bb23-77ad-4389-9b89-c07d5b6e537d,16617e79f4f66fa4802b54f156a356bb,2026-03-04 19:04:21.302104+00:00
ca5a8aa6-a238-4c95-9918-011bc193479d,b16bd07aecdcbc87220b295a71f09c0d,2026-03-07 00:11:16.532779+00:00
7f70b1c3-7412-4d6e-b6bf-6026b234a28f,3e2999407f947b88f1bedd222b47fc04,2026-03-20 10:12:38.131111+00:00
5e07d83b-7dc5-408c-ac8e-51f9332ff781,feddd29b243fb242f74eb0ce276e0c76,2026-04-30 01:06:43.772073+00:00
2a261f31-2f32-4536-84cf-7512ebb87b58,89d033af1bdbea783bb18cc86eca12e9,2026-05-31 06:04:38.626901+00:00
f9e22ed1-2424-4beb-9d19-0b2624568880,1df5c490f592f1ba711ee1b38ceace4c,2026-03-03 00:00:00+00:00
45606838-3809-481c-b9f5-6c01452620c7,623c6d78a11f2db266a52910fb317484,2026-03-03 00:00:00+00:00
611f4e6b-90c5-43e3-9291-6d7618f599f3,1d0574f3867c62aee91499e221591d98,2026-03-19 21:36:34.279430+00:00
3aa1c41a-d9d0-482c-a9d2-bdd844abce19,609462e522829727726de195957e7659,2026-04-07 21:35:50.501572+00:00
d37f304f-8cfc-4e8e-810b-e7e031c758a1,b237d70e345e55651f8f3c9915d52b56,2026-03-03 00:00:00+00:00
3e5213b2-ac4e-4992-a38a-cc65d8f09112,5dec1e0bb2089ad3b8a664fc9ee13caf,2026-03-03 00:00:00+00:00
0fc23199-7f65-4e8a-86be-5c6d4a1e6a34,4b17b8162477471ba6e15e25e5acafba,2026-03-03 00:00:00+00:00
85f9f0e3-aa36-4487-800c-31bb442614a8,550bdfec272c9b5c5ccaa85c376181b9,2026-03-03 00:00:00+00:00
a0190396-ec5f-4402-a3f2-8a2b186a2c26,ed4e79c148ee64578279a1a334582b8e,2026-03-29 16:56:58.403549+00:00
e15ca3c4-17ba-4041-9be8-12ae22315901,4260787499c3d92d86a54bedc8346a95,2026-04-02 23:59:50.973769+00:00
26cace00-3f2a-4758-a83d-84d8e46be9c2,9f83b3e3af5a09c07a5a0dfa793a6304,2026-04-10 15:02:07.497935+00:00
9463598d-b0c6-424d-aca0-cc01fa316dc6,392cd8dd7c5b4527da6d8169634ad3db,2026-04-26 19:43:02.938181+00:00
a624f611-a3e3-4af4-8532-aa5cc52fb809,5ea2856c8eeec78d6bbfa3e180e71c62,2026-03-20 20:23:51.208644+00:00
504f9c88-c2e9-4556-bb9a-08762ef6c5d1,aca829c5668605a1a54b1d078834c529,2026-04-04 07:46:14.112284+00:00
65863049-cdfb-4204-92a9-622af8e58696,0eb7ba64587d7b0ec1c869f540103ca0,2026-05-13 23:49:30.417742+00:00
ca863b7f-e2c8-4700-a834-8cb686340316,24f334e00bf2b84a2ed6fa713671a4ba,2026-03-03 08:01:31.475676+00:00
82ff5456-2e54-4822-b6be-af2f5a53a087,5e1ab05fff951501900659736f803a51,2026-04-01 16:46:57.186977+00:00
3cc0985b-1798-4d97-bdf8-67fbf1dbbeca,0c0090bdbb0d6c0d4518a3aded6ff414,2026-04-26 07:29:49.239113+00:00
08d20b5c-2de1-4990-8404-ebf2c137d1e1,27d40a989d832e3ba8cc3693ed05c511,2026-05-09 10:25:19.142085+00:00
7a21163e-5ed5-417d-82c4-231e461add60,d8b42334bfd78d165f9c937d23bd7c54,2026-03-11 18:35:23.672403+00:00
4870f1d1-5d02-462c-90a6-672d8d349a55,bc9a3425a49e21970bb2d9c412d0a81b,2026-04-04 22:23:52.577159+00:00
dd1f2e61-f4fb-4561-b308-f3f6ced4f71a,2c4147471643ea72386c54cba245bd38,2026-05-15 10:53:46.793699+00:00
a7c3cdb8-c950-46ba-a05c-7c54b91765c8,5bde6b6252f3fceabb6d5909ba0a9207,2026-05-27 18:20:25.303349+00:00
259dc436-bcee-4d9f-9be3-3e6036d7a0d5,6ef14bf688e77864de853c30d4e99525,2026-03-03 00:00:00+00:00
0765f161-8c0f-4922-a224-52021207c92d,818844b9e7efaf7650da7ec0bb2533fa,2026-03-21 18:23:34.430422+00:00
e624c600-96be-4b02-80bb-657320d6facc,63c205b370535444610fcd1211899144,2026-04-03 07:05:52.759760+00:00
e1e179ee-935d-4c7a-95cd-34bcbaaf9d56,ce756fa8bfe9f5782e8cd6e163010853,2026-05-25 07:25:14.451650+00:00
6ecaa5a0-93f4-4f09-a59e-bc9c121ff9f3,085cbd328da86507bdc61f41e44098d3,2026-03-03 00:00:00+00:00
9a157dc2-74ac-4224-aa20-c6e191ab6bec,ea46fbf770925711357aafd555b26dcb,2026-03-03 00:00:00+00:00
09468b1c-556c-4073-bc7a-d99e8f32c11c,bd597a613755d9b997cfebd23c337e97,2026-04-29 04:30:18.871086+00:00
4a5a4f82-f8d0-41d5-bab9-3db2ca794b5a,db528ec930224d4df01a4a6600598d37,2026-04-29 04:31:12.890341+00:00
1f1db773-2253-4a7f-ad9f-fa83e304ecdf,03a9ae6aa70bace8ea1e825f16923372,2026-03-25 18:22:15.049786+00:00
dd7d02d6-2c9a-4f40-9610-bef1a9b89956,194427c94e9f735c2b831d7e48df7571,2026-03-30 14:46:47.428117+00:00
36ad0da4-f3b4-4dd1-8999-a2b4cbb91101,037edc506f0490e776ea5bd75f5a5c19,2026-04-12 21:05:38.704091+00:00
4c3c66e8-fb6b-4325-9ad8-481dd0c3f476,c9e35a7120b57dcc0b9de9fcec38f2d4,2026-04-15 04:16:06.165101+00:00
dd3f1ae9-61d0-48ff-9aeb-b44ccb5a5b06,04cc74b888623975363556d003201dcf,2026-03-03 00:00:00+00:00
6817a41c-2cc1-42cb-9d7e-b67f058fd758,e4c84b18098418652e8aa3f2bf474a44,2026-03-03 00:00:00+00:00
76ea7368-2e88-4992-8e73-7e5c67d65b9b,30844586026d9dc9a699dce9567dab87,2026-05-13 03:50:38.512503+00:00
c5126809-a7df-4a54-b7f4-d8bd8e4d7a84,e78a595abb5903ee209406aba07e3ed6,2026-03-03 00:00:00+00:00
9bb62e4a-4b03-41f4-bcd5-5067dee436a3,5e30039a1b57b9b4b7cd81e14f7be885,2026-04-19 23:04:49.934611+00:00
a4f6668f-f457-42c1-9abf-b81c468cc3cb,b06306589ab2929812eef17bdbd9d709,2026-03-03 00:00:00+00:00
4966b0ed-07b4-40f5-81c2-3e21c92c7ff1,ec70733e5b598855d5573ca6bfeb382b,2026-05-01 18:07:44.455318+00:00
5d611a8f-72d4-4f47-83f2-b93185ec50d2,f7928219df2d915f8e5051300a31739d,2026-05-02 00:17:16.007196+00:00
7d9e3c25-9fe5-440e-8c37-11186ff10e80,ba8da9fe470f43769d31a4120cdd6e91,2026-03-03 00:00:00+00:00
8c53121a-6144-4be8-a539-d023ec83e74f,d7a56d6e3091ed632739898f9f88f50c,2026-03-09 06:22:45.888515+00:00
07332dbd-564e-4412-bed5-da4080800529,23115ed3d8f010de4ca9e9684ef16bb8,2026-03-13 04:24:36.981850+00:00
ac52f46f-c45c-4231-adda-ceb9de4b3f30,34620c2b5c95726a3ea3cba43e272d35,2026-04-26 01:13:18.830352+00:00
1694678d-34de-4dbf-b45c-54f92cff9d90,a4bb37768095596a72e1d2076a1d1587,2026-03-03 00:00:00+00:00
237d62f1-2495-4a60-9400-ffbba862b989,6b35d8ed0a95cec740ddef6379cef119,2026-03-04 15:06:11.374213+00:00
5fb50bd4-3b80-4beb-88d6-27b2ec5a2c53,47846ae4c637cc734a49cb3a27b4bd65,2026-03-03 00:00:00+00:00
5f5c9638-5044-4180-b1ca-de3a7500a403,6596fdef4bee9ddc1572a9d92d3b0208,2026-04-01 03:39:44.080923+00:00
75d3be6f-6a69-4dcd-a025-51df7b7a449b,425464add9e8ca6ccaa78b2e61fd2515,2026-04-01 07:33:47.035780+00:00
1e6dd801-40a8-48ab-afd5-a7d22214371c,14b95ef2ddc7f465c3a944204808ed92,2026-03-03 00:00:00+00:00
ca713988-f07f-4800-891a-f0e3b1b27032,e0d498bbc21e27a5aa2992bf3724802c,2026-04-04 22:41:58.091512+00:00
2ed55fa6-65d5-4d29-ae7b-23d0ebd313f1,b426944edbc34d558c1887c66a356379,2026-03-03 00:00:00+00:00
4cce300e-89fc-4e18-812f-9d75a9461c21,088fee72a0b266cb08a2d77383cae54d,2026-04-28 14:03:18.992460+00:00
98cfe4eb-64c9-4e33-85a4-80356d38b8b0,d61006f03ecd2ae0039c7f2a314ea80c,2026-04-29 00:22:23.417916+00:00
8581a4fb-2ce5-4c89-9bf8-ad7e7adc50ce,7f7f49b55239afdf83aa5847075e7095,2026-04-29 00:27:28.937479+00:00
0c9066d9-abf0-497c-9a75-281f16989b6e,7dbcf360841b9cc203d6d06721275c3d,2026-04-29 07:23:58.080840+00:00
a5495e4c-1609-49f5-8986-6b8c73472ef8,75debb77e9d6b69b6da2c1f8f145eb0e,2026-04-29 08:15:21.734040+00:00
6c4879a8-0d0c-4f80-8fc7-528d4a7b7c37,1aaf8cff8844452de36efa4060b1b55a,2026-04-29 14:15:19.195804+00:00
43a8f37c-6580-4d5b-b70b-4d13240d9de6,844a419e436e15001e315c7a5a51702d,2026-03-03 00:00:00+00:00
561ad1ff-4dff-4e1c-9cce-ab3bb8fedde9,17cf2b0cfc4e3b016dc458bb885c0148,2026-03-13 00:49:02.926010+00:00
58d8fc0e-c333-4b1f-ab45-afdc348155d7,f73e5e27b4a7fbf6c4f5b5f303102512,2026-03-13 04:49:44.307029+00:00
5c847337-0c63-420c-aa5a-35349753e9e4,5a68be153194b1d727e9f2788e4bc654,2026-03-03 00:00:00+00:00
22543a63-1ef9-44fa-95a5-1ec888f03581,2537e249231daee988a258af9965feea,2026-05-25 14:55:50.626016+00:00
ecb843f9-8c4e-4a9e-adba-7b980ff15feb,b7017b7e8dc555c67ce28b7425d67307,2026-03-03 00:00:00+00:00
b496a3c7-ab61-4566-8d57-0e81e7278c7a,a93968519592659cb7b1b73e5f846862,2026-04-13 19:03:52.499289+00:00
1439c376-fb5f-4028-9a96-98de7133b5ac,b4588d0393ec94190aac7da90edcb43e,2026-03-03 00:00:00+00:00
9178799b-0850-4c92-87ea-f003157fe030,2cde6a1eb72c116bcc4cf3b92641abc9,2026-05-31 09:29:16.656207+00:00
a2f2dae8-385a-4a13-b599-197e5e8b781e,b240c308651fae460a3c24b085dfd7b4,2026-03-10 01:46:08.034307+00:00
e3511ecf-8391-4bdc-b3ec-4d5b08b8c378,db739150b1d2e6bf0e1a7cba5993ca9b,2026-03-12 12:52:39.373389+00:00
db8370e7-0c32-4150-bae1-a4e2fb32cdca,37f429693669d7fbfa6a28cae29d44ef,2026-03-25 14:09:15.618449+00:00
c024e7ce-3c25-4058-98e7-23aff348a359,6ec488a87e77cb65d61d289ca144963c,2026-05-04 17:20:50.491066+00:00
6aff0097-767d-4257-b1db-4f72cd66114d,35dcbbf637d8d0b454e6d371ecd434d9,2026-05-11 09:24:53.991020+00:00
5e7e95f9-5a63-4cc2-864a-9a87b5e5adcf,c93b4589a6a0f129fca69f1d4c226695,2026-05-12 09:52:50.454955+00:00
d217131a-2fa7-425e-871c-45f8b3d7d87d,58e2f2a1e7bd7e1d17c77e4b97863f23,2026-05-30 23:01:50.807661+00:00
b3ad0d44-fc02-44c1-bbc6-1628a5293198,cd8d4a5ad457bb8b629e05785a4d97b7,2026-03-03 00:00:00+00:00
7c3343cc-9b5a-416e-97b7-a90372ee0750,064a5d89be7a71e74a27bcd67dfbcb52,2026-04-03 00:08:05.628486+00:00
5d629d80-8b82-43e0-8cc4-32dc149419d1,2013f5aea7ab97fa702646776508a345,2026-05-11 02:36:09.493348+00:00
b96c942f-840f-4c5b-ad69-bdfe19fdf341,c33d47bc297cee47f9039375c147a624,2026-05-11 07:22:27.424741+00:00
38b49340-1553-478d-acfd-05427ba21819,c4e7e6793814af3e251c48053dd37ba8,2026-05-11 12:50:24.975113+00:00
b95be0f5-5747-403a-ab07-c916edbdde59,d662e1d30f8ec2956a6679ab6b399885,2026-05-11 17:08:12.044488+00:00
fb6d2d3c-bd1f-4d34-8e1f-b6a104800e21,6410d3061875acfe48c09ce0d1ffe28e,2026-05-11 19:14:39.488269+00:00
135c99bf-7a1b-4e06-8045-ac8e2c5e1070,845f7165299f00e66a9ce6f465f03547,2026-05-11 22:50:55.167815+00:00
8050ebbf-8d37-43ae-a208-401a96c888c1,4863c6155f8309ef65a70dfc60eb1a6a,2026-05-12 00:28:16.272791+00:00
a2e33898-9f36-436d-8c30-1df9b2bcbd0d,e2e511d3ab309a34399f231c2e3d9b41,2026-04-25 16:25:02.437331+00:00
948399a1-99f6-4fc5-83a2-1544e602fd43,bec7734db9093936334423810df78a35,2026-04-25 16:52:54.863339+00:00
b09a79d6-ba5b-43fc-ac3d-09e63ce9ad56,9644619f2df4b1b2671a87b98972213b,2026-04-25 18:45:47.234309+00:00
a824168e-8a19-4aa6-b5ae-e4973e93b076,dedcb0d848053295ccbd1614fc563ba0,2026-04-25 19:42:27.591415+00:00
87d17c5e-d135-4b59-96f9-5197a359888d,365eb424cabae0e97f8533450bdb992c,2026-04-25 20:17:44.455600+00:00
98445ab8-7dc0-4f9d-82e6-0259814d1ae2,07b77ef147f1a2fd5313ece9bfef5762,2026-04-25 20:56:22.192946+00:00
c884b1eb-5937-4c09-b02f-0c7e6f67583f,303e8d39dc01d0bb5765871101352bb1,2026-04-25 21:31:51.132820+00:00
2e88911e-7e4f-4cd2-86cc-6e4298d4ad61,5d3130bac884fd3c172f071898a6e2ed,2026-04-25 22:42:57.821920+00:00
be938d16-155c-4f52-8fcd-ead87c79aef5,3bd354278980c59a031c215d630fa91f,2026-03-03 00:00:00+00:00
0d6c28bc-f3e2-4b55-9c5f-6964ae9006e6,a4f08191c240055112413584e565922e,2026-05-25 19:47:43.896777+00:00
b72ef9a6-12f9-4758-9687-400bcf847f23,a9a850b6377227782472920630a5fdd3,2026-03-29 07:38:13.698897+00:00
0f3fad79-2f3b-4b8d-8c8b-3c9d0ac639d1,fd40aff187aff503a7e953c186edf545,2026-03-29 10:15:47.918248+00:00
2367f6c8-f2f0-41a3-a3c7-3833451302ed,5c760aeeaac82b19454f31be97e20474,2026-03-30 01:49:11.851546+00:00
97cc638c-2ada-4e9c-a019-e957a7a2f2b1,fafb07a15dbfeb548a6385801b44d66e,2026-03-30 03:08:49.434090+00:00
52563d6f-ec93-4a6b-8ad6-1a099137ad6a,b3ccdbfc45840a59ef09fa309864f6f9,2026-03-30 15:48:29.628000+00:00
4fb07550-0c61-4a28-b265-4b8278c61e38,cbfc161828d02bb1de1fad85a562465f,2026-03-03 00:00:00+00:00
723b1a2f-b7e4-4c08-bf03-4b7f30848cba,27ec0be4cf01c7e125563a4e6cd93400,2026-03-03 00:00:00+00:00
a19f7f13-d7ae-4d5b-8cdc-d75556da4da8,4c9d0fedfe209b5a223dcfc3fc4494d9,2026-03-08 06:38:36.264230+00:00
16b30840-5292-451d-b9ea-74a795d025fe,74f0dc4f02f6d83d870a7b150d9156f7,2026-03-08 21:58:27.044155+00:00
9a724606-b280-4a0c-8e58-64211e8bafd9,beccc8097e3d6ebf76e78142d7ff5aca,2026-03-06 22:14:07.328948+00:00
80e85246-f873-4d04-894a-5bfd17170eae,49a2751c443deb61bbd153a62dc12b91,2026-04-07 00:30:02.249344+00:00
95f59cc4-f25d-4234-af18-b5d42a30a096,f3c49cc385bb274ee848b2e5ed44d042,2026-04-17 20:36:05.262891+00:00
636f9811-5992-48b3-acf3-fdb84682ac24,8fd4b90f02b30519cb78e60c65b7e42a,2026-04-28 21:00:29.680973+00:00
33e9df0f-b2ba-4357-81f9-8731c99f6082,ff2bb8780abe74357c900e7854388445,2026-04-30 04:24:10.964078+00:00
fa0dc240-2a84-4122-86d6-b3fce63b2908,eef3c36424e68297a09527a066945752,2026-05-01 15:14:01.608980+00:00
0dc5d7c5-3941-484b-a29d-4b10fbead9ea,e4e724fba777d9ae74699043a1518790,2026-05-04 02:05:30.973054+00:00
6709e224-50bb-4a60-bbe3-f0e62ea0045a,63b5c170346c53895204db13212261a3,2026-05-20 19:30:41.968543+00:00
f58ff06b-0d4b-4d0f-a932-2605a21b023f,345d1cb776cd46bfacf17a3b15f5aaf4,2026-03-03 00:00:00+00:00
2384314c-95fa-47c3-bcd5-28b5f085e4ca,da6232ada5bac6b2da21e6930ea3bd31,2026-05-18 13:04:04.309561+00:00
e2ea071e-bbf4-4daa-9731-dbcee0a70f31,1c302a8ea9972369e9f9c9b73a3a1a8e,2026-03-03 00:00:00+00:00
