seed,split,amount_tolerance,amount_tolerance_pct,threshold,candidate_clusters,labelled_clusters,positive_clusters,negative_clusters,precision,recall,f1,fpr,customer_coverage
42,development,0.005,0.5,20.0,80,80,21,59,0.3392857142857143,0.9047619047619048,0.49350649350649356,0.6271186440677966,0.64
42,development,0.005,0.5,30.0,80,80,21,59,0.34146341463414637,0.6666666666666666,0.4516129032258065,0.4576271186440678,0.47333333333333333
42,development,0.005,0.5,40.0,80,80,21,59,0.3055555555555556,0.5238095238095238,0.3859649122807018,0.423728813559322,0.38
42,development,0.005,0.5,50.0,80,80,21,59,0.875,0.3333333333333333,0.48275862068965514,0.01694915254237288,0.23333333333333334
42,development,0.005,0.5,52.0,80,80,21,59,1.0,0.2857142857142857,0.4444444444444445,0.0,0.19333333333333333
42,development,0.005,0.5,55.0,80,80,21,59,1.0,0.2857142857142857,0.4444444444444445,0.0,0.19333333333333333
42,development,0.005,0.5,60.0,80,80,21,59,1.0,0.2857142857142857,0.4444444444444445,0.0,0.19333333333333333
42,development,0.005,0.5,70.0,80,80,21,59,1.0,0.14285714285714285,0.25,0.0,0.08
42,development,0.005,0.5,80.0,80,80,21,59,,0.0,,0.0,0.0
42,development,0.005,0.5,90.0,80,80,21,59,,0.0,,0.0,0.0
42,development,0.001,0.1,52.0,80,80,21,59,1.0,0.2857142857142857,0.4444444444444445,0.0,0.19333333333333333
42,development,0.0025,0.25,52.0,80,80,21,59,1.0,0.2857142857142857,0.4444444444444445,0.0,0.19333333333333333
42,development,0.005,0.5,52.0,80,80,21,59,1.0,0.2857142857142857,0.4444444444444445,0.0,0.19333333333333333
42,development,0.0075,0.75,52.0,80,80,21,59,1.0,0.2857142857142857,0.4444444444444445,0.0,0.19333333333333333
42,development,0.01,1.0,52.0,80,80,21,59,1.0,0.2857142857142857,0.4444444444444445,0.0,0.19333333333333333
43,development,0.005,0.5,20.0,78,78,21,57,0.4166666666666667,0.9523809523809523,0.5797101449275361,0.49122807017543857,0.74
43,development,0.005,0.5,30.0,78,78,21,57,0.48717948717948717,0.9047619047619048,0.6333333333333333,0.3508771929824561,0.7066666666666667
43,development,0.005,0.5,40.0,78,78,21,57,0.4411764705882353,0.7142857142857143,0.5454545454545455,0.3333333333333333,0.56
43,development,0.005,0.5,50.0,78,78,21,57,0.9,0.42857142857142855,0.5806451612903225,0.017543859649122806,0.32
43,development,0.005,0.5,52.0,78,78,21,57,1.0,0.42857142857142855,0.6,0.0,0.32
43,development,0.005,0.5,55.0,78,78,21,57,1.0,0.38095238095238093,0.5517241379310345,0.0,0.28
43,development,0.005,0.5,60.0,78,78,21,57,1.0,0.2857142857142857,0.4444444444444445,0.0,0.21333333333333335
43,development,0.005,0.5,70.0,78,78,21,57,1.0,0.09523809523809523,0.17391304347826084,0.0,0.06
43,development,0.005,0.5,80.0,78,78,21,57,,0.0,,0.0,0.0
43,development,0.005,0.5,90.0,78,78,21,57,,0.0,,0.0,0.0
43,development,0.001,0.1,52.0,78,78,21,57,1.0,0.42857142857142855,0.6,0.0,0.32
43,development,0.0025,0.25,52.0,78,78,21,57,1.0,0.42857142857142855,0.6,0.0,0.32
43,development,0.005,0.5,52.0,78,78,21,57,1.0,0.42857142857142855,0.6,0.0,0.32
43,development,0.0075,0.75,52.0,78,78,21,57,1.0,0.42857142857142855,0.6,0.0,0.32
43,development,0.01,1.0,52.0,78,78,21,57,1.0,0.42857142857142855,0.6,0.0,0.32
44,development,0.005,0.5,20.0,78,78,22,56,0.41509433962264153,1.0,0.5866666666666668,0.5535714285714286,0.6733333333333333
44,development,0.005,0.5,30.0,78,78,22,56,0.4375,0.9545454545454546,0.6,0.48214285714285715,0.62
44,development,0.005,0.5,40.0,78,78,22,56,0.3953488372093023,0.7727272727272727,0.523076923076923,0.4642857142857143,0.49333333333333335
44,development,0.005,0.5,50.0,78,78,22,56,0.8666666666666667,0.5909090909090909,0.7027027027027029,0.03571428571428571,0.4
44,development,0.005,0.5,52.0,78,78,22,56,0.9166666666666666,0.5,0.6470588235294118,0.017857142857142856,0.3466666666666667
44,development,0.005,0.5,55.0,78,78,22,56,1.0,0.5,0.6666666666666666,0.0,0.3466666666666667
44,development,0.005,0.5,60.0,78,78,22,56,1.0,0.45454545454545453,0.625,0.0,0.32666666666666666
44,development,0.005,0.5,70.0,78,78,22,56,1.0,0.18181818181818182,0.3076923076923077,0.0,0.15333333333333332
44,development,0.005,0.5,80.0,78,78,22,56,,0.0,,0.0,0.0
44,development,0.005,0.5,90.0,78,78,22,56,,0.0,,0.0,0.0
44,development,0.001,0.1,52.0,78,78,22,56,0.9166666666666666,0.5,0.6470588235294118,0.017857142857142856,0.3466666666666667
44,development,0.0025,0.25,52.0,78,78,22,56,0.9166666666666666,0.5,0.6470588235294118,0.017857142857142856,0.3466666666666667
44,development,0.005,0.5,52.0,78,78,22,56,0.9166666666666666,0.5,0.6470588235294118,0.017857142857142856,0.3466666666666667
44,development,0.0075,0.75,52.0,78,78,22,56,0.9166666666666666,0.5,0.6470588235294118,0.017857142857142856,0.3466666666666667
44,development,0.01,1.0,52.0,78,78,22,56,0.8461538461538461,0.5,0.6285714285714286,0.03571428571428571,0.3466666666666667
45,development,0.005,0.5,20.0,74,74,21,53,0.5,1.0,0.6666666666666666,0.39622641509433965,0.6733333333333333
45,development,0.005,0.5,30.0,74,74,21,53,0.5517241379310345,0.7619047619047619,0.64,0.24528301886792453,0.52
45,development,0.005,0.5,40.0,74,74,21,53,0.52,0.6190476190476191,0.5652173913043478,0.22641509433962265,0.4533333333333333
45,development,0.005,0.5,50.0,74,74,21,53,0.7777777777777778,0.3333333333333333,0.4666666666666666,0.03773584905660377,0.24
45,development,0.005,0.5,52.0,74,74,21,53,0.75,0.2857142857142857,0.4137931034482759,0.03773584905660377,0.20666666666666667
45,development,0.005,0.5,55.0,74,74,21,53,0.8,0.19047619047619047,0.3076923076923077,0.018867924528301886,0.12
45,development,0.005,0.5,60.0,74,74,21,53,1.0,0.14285714285714285,0.25,0.0,0.1
45,development,0.005,0.5,70.0,74,74,21,53,1.0,0.047619047619047616,0.0909090909090909,0.0,0.02
45,development,0.005,0.5,80.0,74,74,21,53,,0.0,,0.0,0.0
45,development,0.005,0.5,90.0,74,74,21,53,,0.0,,0.0,0.0
45,development,0.001,0.1,52.0,74,74,21,53,0.7142857142857143,0.23809523809523808,0.35714285714285715,0.03773584905660377,0.16666666666666666
45,development,0.0025,0.25,52.0,74,74,21,53,0.7142857142857143,0.23809523809523808,0.35714285714285715,0.03773584905660377,0.16666666666666666
45,development,0.005,0.5,52.0,74,74,21,53,0.75,0.2857142857142857,0.4137931034482759,0.03773584905660377,0.20666666666666667
45,development,0.0075,0.75,52.0,74,74,21,53,0.75,0.2857142857142857,0.4137931034482759,0.03773584905660377,0.20666666666666667
45,development,0.01,1.0,52.0,74,74,21,53,0.75,0.2857142857142857,0.4137931034482759,0.03773584905660377,0.20666666666666667
46,development,0.005,0.5,20.0,85,85,20,65,0.3389830508474576,1.0,0.5063291139240507,0.6,0.6133333333333333
46,development,0.005,0.5,30.0,85,85,20,65,0.3157894736842105,0.6,0.41379310344827586,0.4,0.37333333333333335
46,development,0.005,0.5,40.0,85,85,20,65,0.2972972972972973,0.55,0.38596491228070173,0.4,0.35333333333333333
46,development,0.005,0.5,50.0,85,85,20,65,1.0,0.35,0.5185185185185185,0.0,0.22
46,development,0.005,0.5,52.0,85,85,20,65,1.0,0.35,0.5185185185185185,0.0,0.22
46,development,0.005,0.5,55.0,85,85,20,65,1.0,0.3,0.4615384615384615,0.0,0.18666666666666668
46,development,0.005,0.5,60.0,85,85,20,65,1.0,0.2,0.33333333333333337,0.0,0.10666666666666667
46,development,0.005,0.5,70.0,85,85,20,65,1.0,0.15,0.2608695652173913,0.0,0.08
46,development,0.005,0.5,80.0,85,85,20,65,1.0,0.05,0.09523809523809523,0.0,0.02666666666666667
46,development,0.005,0.5,90.0,85,85,20,65,,0.0,,0.0,0.0
46,development,0.001,0.1,52.0,85,85,20,65,1.0,0.35,0.5185185185185185,0.0,0.22
46,development,0.0025,0.25,52.0,85,85,20,65,1.0,0.35,0.5185185185185185,0.0,0.22
46,development,0.005,0.5,52.0,85,85,20,65,1.0,0.35,0.5185185185185185,0.0,0.22
46,development,0.0075,0.75,52.0,85,85,20,65,1.0,0.35,0.5185185185185185,0.0,0.22
46,development,0.01,1.0,52.0,85,85,20,65,1.0,0.35,0.5185185185185185,0.0,0.22
9001,held_out,0.005,0.5,20.0,79,79,24,55,0.4074074074074074,0.9166666666666666,0.5641025641025641,0.5818181818181818,0.7466666666666667
9001,held_out,0.005,0.5,30.0,79,79,24,55,0.45652173913043476,0.875,0.6,0.45454545454545453,0.7
9001,held_out,0.005,0.5,40.0,79,79,24,55,0.43902439024390244,0.75,0.5538461538461539,0.41818181818181815,0.64
9001,held_out,0.005,0.5,50.0,79,79,24,55,0.7692307692307693,0.4166666666666667,0.5405405405405406,0.05454545454545454,0.3933333333333333
9001,held_out,0.005,0.5,52.0,79,79,24,55,0.9,0.375,0.5294117647058825,0.01818181818181818,0.36
9001,held_out,0.005,0.5,55.0,79,79,24,55,1.0,0.25,0.4,0.0,0.24
9001,held_out,0.005,0.5,60.0,79,79,24,55,1.0,0.125,0.2222222222222222,0.0,0.12666666666666668
9001,held_out,0.005,0.5,70.0,79,79,24,55,1.0,0.08333333333333333,0.15384615384615385,0.0,0.08
9001,held_out,0.005,0.5,80.0,79,79,24,55,1.0,0.041666666666666664,0.07999999999999999,0.0,0.05333333333333334
9001,held_out,0.005,0.5,90.0,79,79,24,55,,0.0,,0.0,0.0
9001,held_out,0.001,0.1,52.0,79,79,24,55,1.0,0.375,0.5454545454545454,0.0,0.36
9001,held_out,0.0025,0.25,52.0,79,79,24,55,1.0,0.375,0.5454545454545454,0.0,0.36
9001,held_out,0.005,0.5,52.0,79,79,24,55,0.9,0.375,0.5294117647058825,0.01818181818181818,0.36
9001,held_out,0.0075,0.75,52.0,79,79,24,55,0.9,0.375,0.5294117647058825,0.01818181818181818,0.36
9001,held_out,0.01,1.0,52.0,79,79,24,55,0.9,0.375,0.5294117647058825,0.01818181818181818,0.36
9002,held_out,0.005,0.5,20.0,89,89,21,68,0.3448275862068966,0.9523809523809523,0.5063291139240507,0.5588235294117647,0.58
9002,held_out,0.005,0.5,30.0,89,89,21,68,0.4,0.9523809523809523,0.5633802816901408,0.4411764705882353,0.58
9002,held_out,0.005,0.5,40.0,89,89,21,68,0.3170731707317073,0.6190476190476191,0.4193548387096774,0.4117647058823529,0.38666666666666666
9002,held_out,0.005,0.5,50.0,89,89,21,68,0.75,0.42857142857142855,0.5454545454545454,0.04411764705882353,0.28
9002,held_out,0.005,0.5,52.0,89,89,21,68,0.8,0.38095238095238093,0.5161290322580645,0.029411764705882353,0.24666666666666667
9002,held_out,0.005,0.5,55.0,89,89,21,68,1.0,0.38095238095238093,0.5517241379310345,0.0,0.24666666666666667
9002,held_out,0.005,0.5,60.0,89,89,21,68,1.0,0.2857142857142857,0.4444444444444445,0.0,0.2
9002,held_out,0.005,0.5,70.0,89,89,21,68,1.0,0.14285714285714285,0.25,0.0,0.13333333333333333
9002,held_out,0.005,0.5,80.0,89,89,21,68,1.0,0.047619047619047616,0.0909090909090909,0.0,0.04666666666666667
9002,held_out,0.005,0.5,90.0,89,89,21,68,,0.0,,0.0,0.0
9002,held_out,0.001,0.1,52.0,89,89,21,68,1.0,0.38095238095238093,0.5517241379310345,0.0,0.24666666666666667
9002,held_out,0.0025,0.25,52.0,89,89,21,68,0.8,0.38095238095238093,0.5161290322580645,0.029411764705882353,0.24666666666666667
9002,held_out,0.005,0.5,52.0,89,89,21,68,0.8,0.38095238095238093,0.5161290322580645,0.029411764705882353,0.24666666666666667
9002,held_out,0.0075,0.75,52.0,89,89,21,68,0.8,0.38095238095238093,0.5161290322580645,0.029411764705882353,0.24666666666666667
9002,held_out,0.01,1.0,52.0,89,89,21,68,0.8,0.38095238095238093,0.5161290322580645,0.029411764705882353,0.24666666666666667
9003,held_out,0.005,0.5,20.0,94,94,24,70,0.3380281690140845,1.0,0.5052631578947369,0.6714285714285714,0.74
9003,held_out,0.005,0.5,30.0,94,94,24,70,0.375,0.875,0.525,0.5,0.6466666666666666
9003,held_out,0.005,0.5,40.0,94,94,24,70,0.33962264150943394,0.75,0.4675324675324676,0.5,0.5466666666666666
9003,held_out,0.005,0.5,50.0,94,94,24,70,0.8,0.5,0.6153846153846154,0.04285714285714286,0.32666666666666666
9003,held_out,0.005,0.5,52.0,94,94,24,70,0.8461538461538461,0.4583333333333333,0.5945945945945945,0.02857142857142857,0.31333333333333335
9003,held_out,0.005,0.5,55.0,94,94,24,70,0.8333333333333334,0.4166666666666667,0.5555555555555556,0.02857142857142857,0.2866666666666667
9003,held_out,0.005,0.5,60.0,94,94,24,70,1.0,0.2916666666666667,0.45161290322580644,0.0,0.16666666666666666
9003,held_out,0.005,0.5,70.0,94,94,24,70,1.0,0.041666666666666664,0.07999999999999999,0.0,0.03333333333333333
9003,held_out,0.005,0.5,80.0,94,94,24,70,1.0,0.041666666666666664,0.07999999999999999,0.0,0.03333333333333333
9003,held_out,0.005,0.5,90.0,94,94,24,70,,0.0,,0.0,0.0
9003,held_out,0.001,0.1,52.0,94,94,24,70,0.8461538461538461,0.4583333333333333,0.5945945945945945,0.02857142857142857,0.31333333333333335
9003,held_out,0.0025,0.25,52.0,94,94,24,70,0.8461538461538461,0.4583333333333333,0.5945945945945945,0.02857142857142857,0.31333333333333335
9003,held_out,0.005,0.5,52.0,94,94,24,70,0.8461538461538461,0.4583333333333333,0.5945945945945945,0.02857142857142857,0.31333333333333335
9003,held_out,0.0075,0.75,52.0,94,94,24,70,0.7857142857142857,0.4583333333333333,0.5789473684210527,0.04285714285714286,0.31333333333333335
9003,held_out,0.01,1.0,52.0,94,94,24,70,0.7857142857142857,0.4583333333333333,0.5789473684210527,0.04285714285714286,0.31333333333333335
9004,held_out,0.005,0.5,20.0,77,77,15,62,0.3,1.0,0.4615384615384615,0.5645161290322581,0.4
9004,held_out,0.005,0.5,30.0,77,77,15,62,0.3170731707317073,0.8666666666666667,0.4642857142857143,0.45161290322580644,0.35333333333333333
9004,held_out,0.005,0.5,40.0,77,77,15,62,0.2894736842105263,0.7333333333333333,0.4150943396226416,0.43548387096774194,0.32666666666666666
9004,held_out,0.005,0.5,50.0,77,77,15,62,0.6363636363636364,0.4666666666666667,0.5384615384615385,0.06451612903225806,0.19333333333333333
9004,held_out,0.005,0.5,52.0,77,77,15,62,1.0,0.4666666666666667,0.6363636363636364,0.0,0.19333333333333333
9004,held_out,0.005,0.5,55.0,77,77,15,62,1.0,0.3333333333333333,0.5,0.0,0.14
9004,held_out,0.005,0.5,60.0,77,77,15,62,1.0,0.26666666666666666,0.4210526315789474,0.0,0.10666666666666667
9004,held_out,0.005,0.5,70.0,77,77,15,62,1.0,0.13333333333333333,0.23529411764705882,0.0,0.05333333333333334
9004,held_out,0.005,0.5,80.0,77,77,15,62,1.0,0.06666666666666667,0.125,0.0,0.02
9004,held_out,0.005,0.5,90.0,77,77,15,62,,0.0,,0.0,0.0
9004,held_out,0.001,0.1,52.0,77,77,15,62,1.0,0.4666666666666667,0.6363636363636364,0.0,0.19333333333333333
9004,held_out,0.0025,0.25,52.0,77,77,15,62,1.0,0.4666666666666667,0.6363636363636364,0.0,0.19333333333333333
9004,held_out,0.005,0.5,52.0,77,77,15,62,1.0,0.4666666666666667,0.6363636363636364,0.0,0.19333333333333333
9004,held_out,0.0075,0.75,52.0,77,77,15,62,1.0,0.4666666666666667,0.6363636363636364,0.0,0.19333333333333333
9004,held_out,0.01,1.0,52.0,77,77,15,62,1.0,0.4666666666666667,0.6363636363636364,0.0,0.19333333333333333
9005,held_out,0.005,0.5,20.0,84,84,22,62,0.4,1.0,0.5714285714285715,0.532258064516129,0.7666666666666667
9005,held_out,0.005,0.5,30.0,84,84,22,62,0.43902439024390244,0.8181818181818182,0.5714285714285715,0.3709677419354839,0.6066666666666667
9005,held_out,0.005,0.5,40.0,84,84,22,62,0.3611111111111111,0.5909090909090909,0.4482758620689656,0.3709677419354839,0.4533333333333333
9005,held_out,0.005,0.5,50.0,84,84,22,62,0.7692307692307693,0.45454545454545453,0.5714285714285714,0.04838709677419355,0.37333333333333335
9005,held_out,0.005,0.5,52.0,84,84,22,62,0.9,0.4090909090909091,0.5625000000000001,0.016129032258064516,0.32666666666666666
9005,held_out,0.005,0.5,55.0,84,84,22,62,0.8888888888888888,0.36363636363636365,0.5161290322580644,0.016129032258064516,0.2866666666666667
9005,held_out,0.005,0.5,60.0,84,84,22,62,1.0,0.2727272727272727,0.42857142857142855,0.0,0.2
9005,held_out,0.005,0.5,70.0,84,84,22,62,1.0,0.13636363636363635,0.24000000000000002,0.0,0.13333333333333333
9005,held_out,0.005,0.5,80.0,84,84,22,62,,0.0,,0.0,0.0
9005,held_out,0.005,0.5,90.0,84,84,22,62,,0.0,,0.0,0.0
9005,held_out,0.001,0.1,52.0,84,84,22,62,0.9,0.4090909090909091,0.5625000000000001,0.016129032258064516,0.32666666666666666
9005,held_out,0.0025,0.25,52.0,84,84,22,62,0.9,0.4090909090909091,0.5625000000000001,0.016129032258064516,0.32666666666666666
9005,held_out,0.005,0.5,52.0,84,84,22,62,0.9,0.4090909090909091,0.5625000000000001,0.016129032258064516,0.32666666666666666
9005,held_out,0.0075,0.75,52.0,84,84,22,62,0.9,0.4090909090909091,0.5625000000000001,0.016129032258064516,0.32666666666666666
9005,held_out,0.01,1.0,52.0,84,84,22,62,0.9,0.4090909090909091,0.5625000000000001,0.016129032258064516,0.32666666666666666
