id,order_id,amount,reason,created_at
2926ba04-9133-4302-98de-ded432cd089b,73cd352b-01f1-4416-8089-69eddda93f91,3232.77,damaged_item,2026-05-17 22:50:22.131207+00:00
4397e21b-6adf-455e-8f78-404e92b5dd4c,297fc928-636f-4de2-8612-32ba5a65b69e,2120.23,duplicate_order,2026-04-30 04:14:24.053983+00:00
c6787445-5564-4e38-92b7-aabde0a48350,66c66dbf-ff20-4d60-bf11-793af116c5bb,228.5,not_as_described,2026-06-07 12:07:38.843376+00:00
b68e5ace-5cd6-443c-a380-da96fc6bb198,4db7af8b-f7fb-4a32-9452-505275ceb25e,4294.79,damaged_item,2026-05-26 18:09:23.880149+00:00
9ddd567a-aa44-44ee-86af-dd86b96d1a65,912a704f-7a46-4c2f-9630-8a455e93632f,1560.22,damaged_item,2026-04-23 09:51:14.525837+00:00
847f83b4-086f-4530-9a1b-1d661b1fe0f3,ba034127-8aeb-45cd-9df7-f0e12804994f,2679.9,duplicate_order,2026-06-09 07:14:20.284961+00:00
a50aed33-105d-4275-abe3-98e253fe7fd4,0d470978-1dd7-432b-b025-d2661da6747c,505.98,not_as_described,2026-05-13 18:27:01.397665+00:00
fe0cdb48-50bd-45b5-b1ba-80f5c56650df,15307b46-232c-4337-8f2a-ed561ec26725,4419.8,late_delivery,2026-06-08 14:15:20.334378+00:00
7467c5c1-500d-4092-b986-993e82136ae7,fb1580fe-abd7-4bd3-8411-815c8c3242ba,1910.4,changed_mind,2026-05-29 22:25:50.040398+00:00
73c184f7-1cf8-43f5-958d-6349d866941b,e9b347a4-cbf4-4d26-804b-00417b560865,861.59,wrong_size,2026-05-24 12:07:12.237092+00:00
19f98205-2d5d-47c8-948c-213a015dfac3,670c2970-1731-44bd-8653-4b3af72f8cc4,494.8,wrong_size,2026-05-19 04:40:41.361306+00:00
7d7d2d19-0846-4889-86bc-753b034ba0bd,c66f9249-561e-4d5d-9b2f-ed75a924c1d2,4999.24,wrong_size,2026-05-21 01:55:46.148613+00:00
c17232e1-6352-481d-9c68-8c4fa4089534,76e1e89f-4883-4fb6-a222-ab8808151905,335.83,wrong_size,2026-05-07 17:53:20.315509+00:00
35e79595-ad56-4a24-bdf7-1b2c58e2f5a6,69a0b0f3-bbe5-4180-8fa0-83603cf0e7ab,3373.76,damaged_item,2026-05-11 14:40:34.852515+00:00
62983370-ab10-4c18-9809-96e095f8100f,bc691296-4c1b-42b5-ab8a-f837c9eb9cd8,2146.09,duplicate_order,2026-06-01 08:28:12.812392+00:00
18b5b98d-36ee-4d81-b100-f9ab7580e491,050172f3-253c-48ba-80ab-86c88077d970,973.0,wrong_size,2026-06-01 13:13:33.364649+00:00
664c08d5-2e5b-479e-b642-2e560f8952a3,ff9518f9-0742-48f0-9d92-213937617e58,995.34,wrong_size,2026-06-10 22:02:29.855456+00:00
af581c60-9531-4279-9d6c-d5bf298cf78a,e54d8528-3866-450c-85af-b4b6fa1eb8cf,1060.93,damaged_item,2026-05-31 05:52:04.766457+00:00
405ed1c6-55b4-4b07-be27-31fd593c330f,2f5028be-dfc3-4b23-acbd-c7030cb92476,2064.82,not_as_described,2026-05-06 00:13:25.025884+00:00
c6d6386f-552e-4264-819e-8fab42dfb496,76698707-1f54-42ce-b8c5-28499fdd51b0,2923.51,changed_mind,2026-05-22 03:05:30.338248+00:00
0dce72a0-6d17-4fac-b7b6-0cd5057c1dbd,90da6b52-eeaf-4a1d-bc6c-3faca18efe90,851.73,not_as_described,2026-06-06 16:31:26.535074+00:00
ebe1675b-838a-4050-b0e3-0a8683a57898,2167eade-1f2a-4a45-a6f8-0e36295ec695,1598.95,wrong_size,2026-05-09 08:20:28.677218+00:00
4a8919b0-396a-41a6-a024-7d325c234945,6e4d12af-0d79-4e78-82fb-d00714d587c1,160.85,not_as_described,2026-04-18 01:28:40.233098+00:00
db67ef78-ae15-4b6a-bbfa-591bbbc73b88,e1aae848-6f73-4930-91b5-1f38f156f9a9,1918.79,duplicate_order,2026-05-14 15:11:08.272683+00:00
16dd6b38-1833-4592-90ae-9f5c492c382b,236d6ab0-1069-4a67-a451-ee60a982f9e2,1035.0,changed_mind,2026-05-18 06:50:04.641100+00:00
e040a498-0692-4abd-b189-2d2c17332316,4eb56786-48fa-4768-84d7-3b1a4f00e79c,1466.55,changed_mind,2026-04-29 02:34:06.826251+00:00
8437764e-1560-47a0-b9e9-24fa10127b9a,3b8eac40-f636-4937-83eb-8360c88c4057,906.66,damaged_item,2026-06-11 13:38:39.651725+00:00
9827893a-2742-48e1-bc20-f43acdfbd88d,0a7e4300-40e8-496b-9c3a-fbe5f75bfb5f,662.91,not_as_described,2026-06-05 02:49:10.559984+00:00
505aa15f-a71b-42e1-8fc4-a62ed41209a2,d4a54987-705d-497e-ba77-015027c785f9,4743.47,duplicate_order,2026-04-30 12:54:17.701471+00:00
031e297f-b1ff-40c8-93c8-30dd3aebd249,b544fd9a-90ef-4a94-a73c-b4d23e684d37,1045.77,duplicate_order,2026-05-14 09:11:50.537894+00:00
6c616f46-6030-45c4-b8ca-2f89bffaa0e1,bd3a52bf-17c0-4c7f-93e7-05d209ff74df,4405.79,changed_mind,2026-05-25 09:20:01.277875+00:00
e98b9b95-5655-454f-93c4-7f0559ef1ccd,d289a3c4-f67e-4bd0-8a3f-c070b6a03ce3,1967.65,not_as_described,2026-05-25 09:31:32.161212+00:00
a33ba469-6958-41a3-8390-d9ceb21bc025,3768d557-aa2d-46fd-b22e-23946545e0d5,3263.15,late_delivery,2026-05-12 09:09:21.723058+00:00
5955c98b-2241-42cb-94f6-3140ffadb55e,bb5622ab-7dae-4b4a-bddc-c7e3b3d55629,204.61,duplicate_order,2026-06-11 01:33:38.521718+00:00
0cc4730e-17a6-415b-9b4a-5ebfe90f6231,a4e7108f-6528-4ffc-bf3e-6aa6e870c363,1380.74,late_delivery,2026-05-28 13:12:17.771971+00:00
120185fd-0146-453a-a85d-2fde7e27a76e,69f52e45-c755-4eeb-a489-05fc166d3a0b,5109.58,wrong_size,2026-06-02 19:50:29.910459+00:00
2ec669e8-a526-4d92-a9d3-da20cb0fd19c,aba8f65a-f72e-44a9-81ad-7686bdc64bcf,1062.45,duplicate_order,2026-06-07 05:33:19.992334+00:00
b1d41af4-396c-4f3a-a678-72a9da733301,c9215a8f-4e5f-4910-861e-56e7bd28e153,450.09,not_as_described,2026-06-07 19:06:22.934672+00:00
95342ac9-e063-4a18-a9dd-f51232f418c8,c0424927-578c-47b9-9e10-53bb235a725b,1612.52,not_as_described,2026-05-24 19:09:20.179621+00:00
87d7d815-a759-4aae-8887-135b5ccdb84b,818c157b-bd26-4049-8b71-7248c4bbe080,674.27,not_as_described,2026-05-01 00:41:37.551246+00:00
aa32cd5f-af4f-46e9-a2e2-37cedad9ab6f,ad7eae78-1ad2-4d78-b85e-47e625768ad8,1236.14,not_as_described,2026-05-09 03:19:50.291676+00:00
ac67df23-eff3-4389-a6fd-be29db6061e2,965c8347-01f6-4751-b6f3-28c107d66664,1983.92,damaged_item,2026-05-27 23:25:48.381144+00:00
4c3ff07b-2b48-4ad7-b737-39ea1009c0ed,5989de12-882a-416d-8782-0c4695e9ab5e,1476.38,wrong_size,2026-06-06 22:59:34.904726+00:00
22b41279-3d45-4483-b02c-1a96f81bc080,d9b9ab92-247c-4b3b-b371-aeb7c2559ed5,113.43,damaged_item,2026-05-03 12:46:49.222380+00:00
0c1b74ff-0c96-4d25-885d-d74ea53c94af,540a2d90-5cd9-4bb8-96ae-d98ffede69fc,91.19,changed_mind,2026-06-07 07:12:50.424079+00:00
cd242d82-7f1d-48c1-b8f5-b40115940f16,2573cada-505b-4444-aa2d-24e3b55fdab8,1935.92,not_as_described,2026-05-27 02:35:35.147295+00:00
1b5217d9-66cb-471f-b562-2c919e90bd13,6272def1-d16b-4a3d-9ab4-2f53497cde70,912.9,not_as_described,2026-05-20 21:04:37.446263+00:00
9633d750-643c-4d98-a76b-6d9aa0cfe7e3,c238b6db-52a8-4154-b5a2-c3026664e507,2490.39,not_as_described,2026-05-15 07:27:18.509582+00:00
5c3af381-c254-4c28-8a44-3823b60fadc6,68deddb3-6301-48a3-87e3-16eecba88f88,257.06,not_as_described,2026-04-11 05:32:25.083067+00:00
263937c1-34ee-4fde-a788-65a78c67af2b,0aa7f891-ff53-43cc-96e8-26ebf168c51d,2726.48,changed_mind,2026-06-03 07:22:20.390168+00:00
abfa1202-6aea-4370-bfd5-5c74014ab128,e2af45eb-afd0-4542-891c-531002010e00,3352.53,wrong_size,2026-04-05 17:01:59.091219+00:00
7c21f9fd-53b0-4e8f-8be1-5a82204a1e19,6c4f8c5d-58eb-4b1e-a056-f860002df4f7,333.53,damaged_item,2026-04-19 18:51:04.262134+00:00
733466f3-2dd1-4bd0-ad87-be831f88cef2,fa1a2497-8c3d-42fe-ac9f-16d69c0b5565,619.21,not_as_described,2026-06-01 05:46:39.988781+00:00
8ac83fc3-5042-4d90-aa35-37bdbfb9338e,18901eed-75f1-4691-a46d-70df5787fa59,3074.32,wrong_size,2026-04-13 20:04:13.583357+00:00
68707d44-f71c-4666-93a9-d869db838c6a,62a24036-e444-44ea-a17b-da71c39120ce,3884.2,wrong_size,2026-05-10 21:47:13.031074+00:00
3451a560-3653-4435-8031-65be5370b491,26a309dc-7b72-4d1d-84ba-552829930b33,1207.5,late_delivery,2026-06-06 18:28:36.248685+00:00
f86ab655-fd12-433a-8631-c7814fa1a534,36b2a3f3-1535-487c-824f-78f8895f915a,120.17,wrong_size,2026-06-10 06:01:34.684266+00:00
ce8b504c-c057-4ce2-9357-09446e12f6e7,100dce67-0383-4877-8cb2-92ad90ef7acb,1194.0,duplicate_order,2026-05-10 09:26:51.703525+00:00
17a1a307-bfbb-4f85-9601-bdd72ee7511c,4ec1edd7-020c-4ac7-9ae5-636c89a0ed3c,1142.67,late_delivery,2026-06-08 00:50:06.152451+00:00
c8d033a8-90f0-41b0-afcf-d9ddfbba4309,98f4a828-e397-4710-90c8-8c560e3f467b,1482.09,damaged_item,2026-04-12 08:13:29.491150+00:00
893160e4-8134-4aa3-b244-70722caed6f2,967c3ee6-e231-407a-977a-5a650b7d0f57,1875.0,duplicate_order,2026-04-13 09:42:02.527092+00:00
eea45d6a-6e66-46cb-8764-89d2ba1ae54a,173456d1-9f27-4b2d-af73-b13a8f6d9021,1266.13,not_as_described,2026-03-30 10:29:03.324488+00:00
ed58e5dc-3124-492b-a7b7-a9d164764186,ade1d328-f386-4122-a367-1222d50972fb,282.29,wrong_size,2026-06-04 21:10:58.174256+00:00
ae7315eb-8910-44cf-a552-3d8c00798d91,3ec29033-bb02-42d2-9a59-943c8a4425f3,5.32,changed_mind,2026-05-19 04:49:09.471167+00:00
bccd4eac-b3d4-4599-a726-a1b8b4ffa154,b1d84007-39be-4bb6-8781-b56e40911726,412.55,duplicate_order,2026-05-23 11:19:20.353738+00:00
d7a81a8e-2adb-40bd-a53c-c9b2db24679f,a92f9fe0-afde-4db4-b7b1-09afa5da952b,1535.54,duplicate_order,2026-06-01 01:02:25.176515+00:00
5831a65f-e670-4ca7-9758-440d9d4ac955,2b849637-f7c8-496e-bcb6-6895ec2453c5,3715.44,not_as_described,2026-06-06 04:19:31.152627+00:00
79fbf066-eef4-433f-96b6-e5e7b5d3e826,0bd4bc4a-ff05-47f1-9280-1d3252158d03,285.12,duplicate_order,2026-04-05 11:43:26.101520+00:00
48f096e3-3b8c-4457-994d-e660d4d08809,718fde50-2b50-4b06-aed5-00f5d5b56325,1158.3,late_delivery,2026-06-08 01:10:17.648342+00:00
53f2cd83-441a-4267-b622-b905e7f52597,4757e03c-4222-46a3-b1c1-fd716d46f6ac,103.65,not_as_described,2026-05-21 11:20:55.126501+00:00
cf476883-4408-4848-bb98-4823821090f2,cc923f36-0c6f-491e-bc1d-8c96fbe265a3,3115.69,damaged_item,2026-06-03 17:50:06.819593+00:00
3d739708-d45f-48da-b32d-27e3880d1a96,80ae5e41-d298-4f9b-8472-09259c94be78,1451.82,duplicate_order,2026-05-07 05:42:07.374964+00:00
5b11ba44-7d91-42b6-bcbc-cb76d8af4b3a,8e1c1937-bb52-4949-93ab-e104e4f7f253,3599.49,not_as_described,2026-05-19 23:34:20.839206+00:00
b0daf062-34f2-4a19-ada0-064435f7fd42,5c757f69-08d0-494b-b384-c64ed0ec83a8,2583.0,wrong_size,2026-05-27 00:07:42.469329+00:00
2d955083-60c4-40cb-92c0-fd90a5fc2329,c0405988-fee8-4650-ac53-e3a9d9fc1a9b,893.27,damaged_item,2026-05-27 18:05:09.245603+00:00
90397250-3642-44d5-b6f2-35f7f52573ec,e64cf713-43d0-4a0d-8d29-a2a0ac8c9b8a,2048.33,duplicate_order,2026-05-26 20:52:00.641237+00:00
cc77f8bc-6555-47b5-b26c-c1bdd1b48b8e,3724e40f-61c7-438c-b075-7e80d62a2c56,645.85,damaged_item,2026-04-25 01:55:38.957788+00:00
ca12d05a-c2d8-44f4-8de9-ad337e8c8c52,b60831ac-272e-430b-a787-0ca2e9ac923c,1434.5,duplicate_order,2026-05-22 11:34:52.279057+00:00
7e6e533e-a9dd-4dd5-89cc-1866a78fb177,4552d96a-8036-43b6-8009-88da7ca256f5,3303.79,damaged_item,2026-05-13 23:41:16.372103+00:00
1f6bdbe4-0c89-4be3-acc8-dc5c3814b4b0,152e20ed-b0ba-49ed-9b65-614041bbc308,1103.42,changed_mind,2026-04-24 05:11:50.842623+00:00
05f99771-4a3e-477b-b3bc-b56e3ffe317e,60fdcec6-81f3-45c9-8536-23ca62eaec3b,784.96,changed_mind,2026-06-05 14:07:48.646411+00:00
8e8cc07f-48b1-4c7d-8f5e-90f7c14a64f5,8511dd46-ff7b-48d3-9a28-49ea27eca64f,697.79,damaged_item,2026-05-13 02:10:04.040364+00:00
460503ad-9496-4225-af7e-ff85f43b42bc,4bf6cd20-2fb5-49d0-8cf1-98b7faeb03de,1499.34,not_as_described,2026-05-19 12:17:07.379170+00:00
6489a0f4-56e6-462b-b0e2-a020aed9f731,e7d02541-778d-42c0-a9bb-aa41cd1f9b7c,1996.84,not_as_described,2026-06-09 08:47:56.194641+00:00
653951af-6871-49c0-bfd4-af9ae751e8eb,3b18354b-9bfe-407e-be4c-9be60641c32f,3266.16,damaged_item,2026-05-25 17:21:20.755461+00:00
bddae661-ca6e-4a11-91d5-210a912a76ca,b6b82b95-c617-4028-bb01-ceb81b32f8e3,1149.26,duplicate_order,2026-04-05 09:44:54.628867+00:00
8c7cd2f5-86b8-43c4-a3e5-a3c351f4a812,4e46bbdc-8518-42dd-954f-9fe9115f9ab9,2781.79,damaged_item,2026-04-10 05:52:41.708247+00:00
7b49c5af-7b40-4a5c-8160-5afa866f2481,f7db0142-738b-4984-957c-f6b222d8e4fb,786.93,not_as_described,2026-05-12 04:33:50.604150+00:00
67d101fc-b373-47b7-9a3d-b3e336792bca,ab105674-83e6-4a4d-8818-7786c6bd5e35,398.91,late_delivery,2026-05-26 09:37:07.003610+00:00
df9ac339-1faa-44ef-8904-a1fe475a3d1b,1831f5dd-3d0a-4540-b708-86f3fc3f7979,1873.53,damaged_item,2026-05-30 22:04:48.211973+00:00
94a0ba90-0fd0-4687-9e72-3c5d58840a0b,4672ea3c-d36c-4d91-ab17-3ad826ca4518,1085.82,late_delivery,2026-04-03 13:20:13.941657+00:00
02dadb24-8d41-4da3-8957-b898166a0422,9b9562ef-fc6b-4950-bcf1-84e0a4275e20,2473.67,late_delivery,2026-03-31 00:35:55.102424+00:00
2664fcfe-97f2-4acf-84b8-474e99c83998,2891dd39-4979-43dc-b182-27697c18bc51,843.18,duplicate_order,2026-06-09 21:46:30.165586+00:00
da19e64b-3ddd-4921-aea0-f75368d80eec,e98d6edb-12fa-4e0a-89f4-e8a581a21d56,711.26,changed_mind,2026-06-03 23:14:26.718795+00:00
7f519675-3580-44b0-8c6b-e8b2f3763cc9,4965e321-6904-4ca4-9476-a0dda20afb3c,1784.46,damaged_item,2026-04-25 09:28:14.197342+00:00
0cc673eb-17cb-4c85-a7b1-20770fd37847,4dc0fc83-6cbd-4a1f-97f3-c838a7c3463a,1130.85,late_delivery,2026-05-21 11:39:22.100142+00:00
8025bca9-a543-4b98-8e42-00d7b50d6ecc,b4a5b2a4-5c3c-4465-996d-d76351bbd2ce,727.06,changed_mind,2026-05-10 11:59:33.836143+00:00
052f149a-1b54-41cf-8ac7-9c44782af7d4,819ea4a1-cd3b-40af-bd5f-9dc4f998dc16,5055.23,late_delivery,2026-06-04 15:54:41.292579+00:00
c0fd094b-57b0-4933-bac1-e7410de478e0,671cfff1-9808-4326-a305-396f6e023c02,1706.96,changed_mind,2026-04-13 17:02:25.986902+00:00
11e4fccf-8951-4e1e-9236-d553bf31e7a9,c0b515ba-cc96-4da6-bf00-d671595b8182,385.25,damaged_item,2026-05-08 03:38:41.318284+00:00
79360d2a-ca98-4316-8a2a-c83a550fc13f,79635ad5-122c-4984-bf25-18f5b8f6fa07,1193.49,wrong_size,2026-05-31 20:34:50.307204+00:00
cc35a980-0ba2-4367-b712-8c0fb59784c4,a58dbfce-beec-43a7-90b8-75519e182f66,1520.31,damaged_item,2026-05-19 01:56:33.865106+00:00
77a462c2-0cb6-4d22-a637-307669092faf,1c24aa8a-faf1-45c7-ab92-00c34efa3e7d,1362.57,damaged_item,2026-05-09 00:03:09.178629+00:00
c96f0416-36e5-4a8b-9679-bddd462cf28c,48f92ab9-3f85-483b-a3d0-9b9fd893eac3,461.83,not_as_described,2026-04-24 08:14:12.465366+00:00
253f5494-6131-4a35-933a-9cfaeff718a1,96e068b4-75bf-4039-84d4-41b2b05bf02d,276.72,changed_mind,2026-04-28 19:15:06.956899+00:00
041c837c-6a36-4326-9b9a-44b916d33765,24c0cc2a-4b47-40c5-99bd-fa165d6df2eb,1992.88,late_delivery,2026-06-11 18:46:56.636294+00:00
47a603b1-ebd2-4c94-bdfc-347b2f4357bb,459b48d9-aed6-4d48-aff4-766171f679bd,885.44,duplicate_order,2026-05-26 19:36:40.461026+00:00
985f8149-35b5-476f-929c-42101691a2fa,ac4b8119-3070-465e-aeef-6af410509655,562.58,damaged_item,2026-06-06 21:18:08.706492+00:00
d9279f85-d31c-47d7-9bc1-dfa93145ca4d,c4093ea9-6997-4a8c-8d97-8ca66ad50ec6,400.5,changed_mind,2026-06-01 04:11:12.032671+00:00
cea64a23-ddb8-4315-b532-4163b143cb5c,f1c763d6-cf75-43ab-9d9a-151b1b73befd,2779.78,damaged_item,2026-05-24 20:24:01.192400+00:00
e02e2ea4-6dd2-4584-991a-dce7a6fbfcc6,7d2504e5-c57f-4135-aaa5-4605804e7552,474.62,wrong_size,2026-05-29 09:09:31.102614+00:00
da558f58-2597-4087-adfb-8816cf03041d,4a6c5fab-1d8a-4422-acc3-4bb5f7eae354,1032.65,late_delivery,2026-06-05 19:28:23.593840+00:00
d39df817-ba6d-4841-baab-fce7e659e48d,56517a54-2b0a-40cb-bc7b-b7e58c47d246,94.07,duplicate_order,2026-06-11 08:07:31.595114+00:00
4fcdd039-4adb-4054-96ce-af41f449a576,83907142-173a-45da-ae01-9704dd6c418e,507.77,not_as_described,2026-06-01 00:33:38.394945+00:00
e47b519f-eda2-4770-8307-909af900e0d6,2050b486-1652-4a66-8da6-0c749e760256,1285.9,damaged_item,2026-05-16 14:36:43.206563+00:00
f63e631a-357e-475a-af72-cfab4c5ae090,01590e7b-447b-48a3-af66-b3a99c5c2d93,1318.22,duplicate_order,2026-05-25 15:18:45.810186+00:00
e2b8796f-3a5b-4eb9-b189-fa2b727e1cf5,26870197-e097-4636-8023-d0f475bf1e23,1373.65,wrong_size,2026-06-02 00:50:23.919682+00:00
dd3e07ce-70b5-403b-9d5a-0e66f0b391e8,67dd440f-8723-40d5-8967-6357ff30aefd,1371.39,damaged_item,2026-05-11 06:55:03.065456+00:00
51875323-bbbf-47cc-b153-38e0f0ca443e,1070a1a2-729e-437a-885b-f49aabb95ed9,1397.95,duplicate_order,2026-06-01 21:13:04.235099+00:00
50b1539a-310b-45e2-855d-0da6b60e3956,55772837-94d1-4a17-852b-284ebea371f5,2080.49,changed_mind,2026-05-24 15:11:17.404127+00:00
9df94b60-5f4b-4cbd-9c8e-c97759428744,1e8486e1-be26-4187-ab4f-b462321e6c78,1196.43,damaged_item,2026-05-16 14:46:11.365928+00:00
3a3ecc00-f800-40c0-aaac-9c55fa87aee9,8c230075-add2-40a8-ace7-5a817b38055a,746.55,duplicate_order,2026-04-11 18:37:06.874751+00:00
03a90f0a-7f42-401b-a169-93eb16fbd0eb,e84ae60a-02bb-4f8e-82e3-944d75c831c0,2768.18,late_delivery,2026-04-17 23:07:39.123939+00:00
356ccc40-60e6-4b4d-a4f1-eaecff9f4e6e,6db4521f-020c-4d81-8892-7ddc3221f48c,2000.79,changed_mind,2026-06-04 12:29:58.383546+00:00
f66f406d-94cb-411d-8740-c35f43e5d9fc,3b2da010-01cd-4652-9b42-897c082f9d53,754.49,not_as_described,2026-03-27 22:39:34.807871+00:00
8c8628e5-e437-4f93-bd7e-dcbd3c78bf93,7efabd3a-4149-42ed-a94c-26cc93176573,232.39,not_as_described,2026-06-06 01:13:27.946611+00:00
e6958dfa-e31d-4a96-80f8-74b93d25286e,d9230cec-8cf6-41bc-8442-765ac80db36e,730.81,changed_mind,2026-06-03 19:01:55.001913+00:00
9f1e5149-969b-4f8e-9f40-aa12248aa89d,55b1e821-d6b2-4c59-929c-aef39826f4ef,3424.89,late_delivery,2026-06-09 10:52:07.033442+00:00
55f21b80-795d-42fb-8b79-00c467a270ce,f894419d-c720-49b1-a44f-3f350a41831b,2135.61,late_delivery,2026-06-07 09:40:44.802570+00:00
c91999f9-6f59-48e7-bd6c-bcc998ab482e,6d308c88-2c8a-4a32-bf47-ef0d2e9dd5ef,974.25,not_as_described,2026-05-20 11:40:34.873040+00:00
f5d8c9ae-0521-432c-8a25-d61fdcd4765d,f5b0e31b-2fce-44eb-ad78-55da486e92be,1301.07,late_delivery,2026-05-25 11:00:11.836114+00:00
7fc0008b-f448-4da0-879a-f6b7d50906f7,5f02ce12-44fd-4348-8b59-f53b068b3e2a,407.21,late_delivery,2026-05-16 08:06:59.687310+00:00
a9bed5ae-b836-4824-b98b-fdba438928cd,cc339f2e-7216-4da2-bb14-e5dfa3b5350d,2015.41,duplicate_order,2026-05-18 09:45:21.906548+00:00
e1957f5a-a7c0-4a64-9690-ecdc8876c885,f4df85b1-0cd4-4861-8e84-8965d860c8e9,2993.31,wrong_size,2026-05-30 01:29:35.788148+00:00
187d9d59-37e9-4f9b-b02b-2780e71ea118,40becb0d-6799-48b3-bdb3-d2091d7ad90d,254.54,changed_mind,2026-05-21 03:37:22.869179+00:00
5ce33eb7-014e-472b-92d4-e88817d6558d,22ecd8d8-56ad-40ae-a53e-4e23ca0f4023,2757.82,damaged_item,2026-05-22 20:05:15.218164+00:00
6da9d868-0e1f-4bda-a46a-a4621d3e8ee7,5ed44869-7945-421a-a4e7-412bb6fc9ddb,1844.23,late_delivery,2026-05-20 19:33:24.909189+00:00
fd9b068d-81a4-4d78-8549-131f91605736,74ae7e07-333a-4e9f-a543-144d6f7da0c0,2564.48,wrong_size,2026-05-24 11:16:24.192807+00:00
6e4644bc-c51f-4c76-aec1-fe422c7d0df7,96b668e6-e101-44a6-9877-3b84a8568a49,3420.42,changed_mind,2026-06-04 07:55:04.184420+00:00
8008efd3-6e01-4a1c-97d3-44a560027651,7511f4c8-08a8-41e1-9d74-3319653e432e,1387.21,duplicate_order,2026-05-07 00:34:15.071354+00:00
9ee157c5-edd2-48b7-9277-491376711316,6d1ad2d8-8c77-4278-a0f6-c829948480bc,330.83,duplicate_order,2026-03-17 13:22:23.702073+00:00
94c20072-89ce-4d8e-8457-f23a398220db,26f2d557-207a-41dd-96e0-55d52f9c81b7,407.75,changed_mind,2026-05-30 03:33:33.326069+00:00
8b66e5bd-0d17-4dfb-98ab-b9117ad71afa,180a29fd-a6bc-4b79-add7-7493ae849153,300.27,late_delivery,2026-05-19 08:16:01.286862+00:00
837f283c-9603-43c1-9c7c-7c208e61d446,b2222579-5200-4101-b436-03c52b9ab303,923.0,changed_mind,2026-06-08 18:26:22.363090+00:00
4eb560d1-5b99-434b-9037-1e4bec68f8df,3c01f1c7-c5ee-4f05-bbd3-bc4aa7b11eac,2589.04,changed_mind,2026-05-04 23:52:08.974462+00:00
7ce7ed83-7d17-4bbf-988f-096ee7da775e,bd615a17-7a39-4beb-a718-b571d537f683,6685.46,duplicate_order,2026-05-21 08:00:13.749952+00:00
7765624f-86f6-49c5-9729-58eddc6f7c7a,0ef5ed80-64fa-42ff-8ecc-11f3b1dafc94,809.12,late_delivery,2026-05-22 18:26:45.562790+00:00
22c5bceb-2ff3-43e0-9de0-f73be7c3fbfa,53372a05-e8d6-4469-a32a-7252a9e5fb53,434.84,late_delivery,2026-05-05 23:01:29.049664+00:00
210cd11f-c6c6-4ff6-9a61-fb9e16f12d3e,de3e3f1b-f2b2-43da-815d-a187b3fcc922,3092.71,duplicate_order,2026-06-09 02:24:40.742630+00:00
2ab1e072-531e-47b8-9fa3-1de896cd00f1,489a4b12-80f6-4105-9458-dbcd115b10a6,1649.54,changed_mind,2026-04-30 06:07:34.572762+00:00
d0db2a17-e92d-40f0-ac63-437fd891cb5b,9307ff4a-7076-4136-9b2b-9b7a788a3f2e,3581.8,late_delivery,2026-03-24 22:36:28.469336+00:00
b25141f0-b0cf-4d8b-884b-02029726d9c9,30a79ddb-4741-44e8-80cd-b6a33a385b3c,627.62,not_as_described,2026-06-01 21:55:19.972582+00:00
307d27ef-5958-4c30-b38d-f8c15d3892f0,a068b98b-1bbf-458e-8d99-2d3bc3e4c302,442.13,late_delivery,2026-03-08 16:42:47.804375+00:00
740b8c8d-40d2-4e32-819e-e44d7a24bcfe,b18e096b-ef49-49b1-800d-3c511d4c8965,172.53,changed_mind,2026-05-20 11:57:04.377475+00:00
082092e2-ece1-4537-b41a-14dd179973f3,303c552b-412e-4187-a0af-e80c1abc6392,1855.96,wrong_size,2026-06-07 22:52:36.419323+00:00
aac1ad95-7c89-4074-a377-7a1f27fd0e84,d73206b9-a58b-49c9-ac6a-f47ff74a1667,1593.68,not_as_described,2026-05-31 00:09:01.938677+00:00
15ff8666-48a1-43b6-9f00-eeb0711e0e73,f625776b-3075-41f5-8a00-0a2a2f0a449e,360.78,not_as_described,2026-06-01 03:54:44.988043+00:00
a9406c00-2aee-4213-9be4-c5b47e1ae3c9,175400ac-0183-4713-9780-73db9216ae77,538.73,not_as_described,2026-06-01 21:52:01.218283+00:00
4b1d1584-fbff-41b7-9aef-ae2c23ee9360,058e31e5-4476-45ef-97ca-85604c7ba7b2,2638.68,changed_mind,2026-05-17 23:37:50.169329+00:00
aebd12ac-756c-4d0e-aab7-21d26c941715,0b222430-6a13-43d0-9972-6a37fb55cfbc,919.57,damaged_item,2026-05-10 19:51:59.918639+00:00
d8f317f5-71a0-416c-b775-5a4534cf922d,5a0e706d-dad4-4098-be93-17d0b4656024,932.64,wrong_size,2026-06-01 11:12:29.213265+00:00
b359bdf8-a74d-4ceb-8058-76b9d764e021,70143848-dfdf-4042-a258-87c019b8c302,251.97,damaged_item,2026-03-19 19:47:34.541955+00:00
3e2e3f29-50cc-41b9-a63d-581ede0c8f57,1a8b8c31-14e6-45db-96a0-c8dab1828d49,1345.24,late_delivery,2026-03-31 23:53:31.712474+00:00
ed9edf97-041f-4e91-afb7-2baeaaef90b8,ea69494a-cfd7-4f31-9919-15f01db11074,10691.83,not_as_described,2026-06-08 09:05:57.317697+00:00
d55c537b-39e6-4d02-b3da-615dca490b54,9d51ba20-e101-4def-af11-587c4404ab40,412.34,late_delivery,2026-03-28 16:27:36.650206+00:00
c2e46c26-bca4-4247-8785-a778e4b78d5b,7a4fe944-8d11-4401-b26a-070dc60aaf9e,5.07,late_delivery,2026-06-12 18:28:26.849334+00:00
2fb66d69-2a63-4b65-9161-1d8f3bfd3834,22428fc9-c708-42bb-8fe4-136b6165df99,307.41,damaged_item,2026-03-29 00:17:12.089835+00:00
3fc83928-fa7c-434e-8d3b-31b46b260ad4,b99239b6-930a-42b5-924a-baae3a6b4b15,480.33,late_delivery,2026-05-20 03:30:54.849230+00:00
abec1ca4-5931-4629-ba79-a836770add5c,11b4a82d-0a2d-434f-a22e-5a894c7c8d7f,1730.44,late_delivery,2026-05-09 02:00:53.531358+00:00
64e1f9a3-7dab-43b3-87d2-c7e67468f215,235cc3c1-1ef7-4160-a584-c105c92efbbc,1117.81,late_delivery,2026-05-19 02:20:00.277098+00:00
b261abc4-4a14-4b5f-9076-1a9fb5bfde63,f92423e6-b433-4af4-9822-1d500d19da94,802.34,not_as_described,2026-05-27 02:18:54.156340+00:00
7a56026c-21f4-4dfe-8751-34952b0f074b,1fefcd07-907a-483c-b875-b28052faa39d,343.33,duplicate_order,2026-06-08 21:07:36.088111+00:00
a606a7b0-baa9-4d49-9d4e-bacb33b06a2c,b2b5c529-a522-4769-b3ce-96a5666a15d1,2663.83,late_delivery,2026-06-05 06:17:31.475250+00:00
924edec1-85bb-450e-ba91-e72c993434f7,7d1bab9a-5bb2-43ee-8341-3a6c94497bf2,1682.74,late_delivery,2026-06-08 23:36:20.430309+00:00
c4298bd4-39d2-43bd-89a5-2d50e5ecab50,9f991b32-39ca-46f9-97b6-d1b60739f66f,240.41,not_as_described,2026-05-11 11:25:56.270603+00:00
7447bc6e-7ddc-4817-9fb3-c838a12dc9b5,a8e8d797-6897-417d-8745-dc95cedb019f,682.39,late_delivery,2026-05-24 22:25:39.592065+00:00
0955bd02-22fb-4a18-a705-54d02e402a61,be287ea1-e179-4ca3-af1b-47a8c9eb7895,711.26,damaged_item,2026-05-30 00:55:28.473578+00:00
b830e6f6-b6eb-4feb-9857-e0c3ce14581c,d766c2c9-ee07-4a6f-aa13-cda5c9fa5cd8,429.12,late_delivery,2026-04-06 07:59:29.233944+00:00
7480631e-8d73-4bb1-8d68-07ce61f77781,4c477439-b2d4-4efe-a8bf-95cf0b258312,3232.0,duplicate_order,2026-03-28 20:45:13.894658+00:00
29de76f3-5de5-4170-b060-62204aae0d2c,402a2e74-0705-42e2-9e85-800d4646a91c,728.51,not_as_described,2026-05-29 20:04:35.684595+00:00
3ee52c01-9330-4905-bf68-510361a913b6,891e22e6-b437-4dbe-a1d3-904973a2f536,2198.54,not_as_described,2026-05-24 02:50:03.848762+00:00
ef7ce6a0-5056-47e1-8fc2-009d88b6162e,163e0a82-384e-44d7-8636-17b82108a392,4373.73,late_delivery,2026-05-25 07:34:58.608658+00:00
063896ea-a1b7-4cf0-a9e4-e254bf8cadb3,9ff9b8f2-9226-45ee-82e0-6f0ae26bee6a,228.33,damaged_item,2026-04-27 16:01:04.886520+00:00
40bfd15d-efc4-448e-b05d-2a3f47e4ed23,d7a15808-fa23-41d6-a075-9f07d2e8e523,5069.98,wrong_size,2026-05-18 14:54:17.359857+00:00
c380c4cf-b55e-4805-a724-3c83fcf0b4c7,732dd73a-8292-4eda-9188-1804296868fb,1393.92,wrong_size,2026-04-27 18:58:19.492650+00:00
22446d3d-defc-456d-92bd-10889da8e353,ebab60f1-057b-41bf-8480-45dc2103f09a,2748.53,late_delivery,2026-05-21 14:10:25.298035+00:00
5785855f-8fda-4274-b776-be7b5f3257a0,c636b599-e926-42b8-a8cb-78f9931638c6,3268.33,changed_mind,2026-05-29 19:19:02.124005+00:00
255f33ec-8a38-40fd-bf87-9bfb3966e251,797f5625-4953-49fc-b2d3-1f9b8c212eeb,7069.78,duplicate_order,2026-06-01 12:17:32.934952+00:00
b5fb9ad4-80e5-4192-a3cf-a729357642e2,a07f7c85-5f66-41de-b117-48098f138dfc,2253.24,late_delivery,2026-04-29 13:52:26.962000+00:00
d4d80ce4-f81e-4d84-9679-09ef47d0a8b2,fd1036b3-26c4-471c-a1d3-e4720fa50791,1735.87,damaged_item,2026-05-23 14:38:49.116981+00:00
c015738c-8991-4590-8125-31dbe7c8975d,02fa61c6-881e-4a7e-8d14-57f3810849d7,705.91,changed_mind,2026-04-09 01:38:09.862403+00:00
25ad1dfa-6649-48b6-8210-05bfa6491633,700e9c45-0f06-4131-8b4e-0548e5866f03,155.49,duplicate_order,2026-04-28 06:50:31.447064+00:00
03378c44-ff60-4337-b1fe-10e4475a2ca3,ffda35ae-f248-4c5a-a950-3b573a2a982b,2961.48,damaged_item,2026-04-06 02:22:00.999552+00:00
a4f08c2e-24b0-46b4-9164-09875bfd8b4c,3882c0fa-9c1c-4f6b-a422-2cc73f318a9d,1794.89,changed_mind,2026-06-03 10:56:04.110474+00:00
2aeefa37-e6b4-48c8-9b7a-4a349aaace3f,c608b861-870f-4706-98f2-46b9e9ec2988,1229.05,not_as_described,2026-04-25 19:21:30.485162+00:00
ffbc2a9b-4d2b-46f6-879b-fa8ea2f439e3,89d99168-6d7c-4a44-a8a7-18ecdc736e65,1865.26,damaged_item,2026-04-23 23:07:28.217807+00:00
3c625adc-c46c-4f22-bbe2-507834ad845a,392486e1-c2a5-4d10-a29a-65001e5c4016,1441.34,changed_mind,2026-04-29 07:22:04.478431+00:00
73dd2e87-9435-47ea-b773-1a81c3d71101,acefc07f-bb11-4985-ad6b-c9d0a504b671,1450.23,wrong_size,2026-05-25 07:31:30.437988+00:00
231fcfd6-edec-4bb8-a07a-33e7a8260629,1cd4620d-106e-41c8-af1e-8afdb011d864,1975.49,changed_mind,2026-05-04 06:20:20.831304+00:00
e378d235-cfaf-4b16-a6c9-c6683f6e1ac6,518836e1-9c4c-4736-91bf-cfe4da3ff82d,7.32,not_as_described,2026-05-14 05:49:32.440616+00:00
251e66df-eceb-43e2-8684-c02184620596,d4377a4c-926b-4503-8321-f59dcfb71880,4659.57,late_delivery,2026-06-11 11:04:11.347519+00:00
8c513842-037f-4c5f-922a-cc0ac239ea14,cfceb33a-3272-4abc-b752-91ecd247921d,1188.16,wrong_size,2026-05-17 23:49:45.260440+00:00
6cc8f435-9cda-464c-805c-7667c5a172c4,03e201ed-a776-4bc1-a8f5-12507ec8ee1d,3421.07,duplicate_order,2026-05-31 19:58:51.024444+00:00
ac190ea6-6293-422f-9a86-db1187359fd0,5c771eda-3a15-491d-8afa-01175234225a,1725.67,damaged_item,2026-05-24 05:28:31.811872+00:00
6d6ac928-e8a5-49e8-ba39-126aecffb989,9bb3c3ad-5f69-4daf-9e03-c668c6589695,2972.42,wrong_size,2026-05-06 20:34:46.930088+00:00
086fc15c-3224-457d-9da9-716ebf35ee71,6f412b61-b3ac-498b-893b-73fcc94f4fbe,1025.89,damaged_item,2026-06-03 09:31:25.319768+00:00
5cf41580-42cf-4061-9f3c-afd53382f34b,a136937f-21bf-4a59-b8c1-01f8af1a0142,1561.41,duplicate_order,2026-04-30 09:25:42.642130+00:00
f843a75a-2316-4dc1-a88f-7f1631e020dd,8d1cc6cc-7e29-40b1-aa2c-9b97b8885ce9,1859.21,duplicate_order,2026-05-13 19:52:58.427748+00:00
1bfdc06d-2e17-4bda-8f12-9e0869f19823,759ecc7e-630a-4a19-aa50-16d0f65c754a,4176.82,not_as_described,2026-05-15 11:32:14.924645+00:00
5558785a-a4fa-4a69-8d05-c33ce10f40a8,050e8980-a322-40d9-a96c-5e7c9520c396,2194.7,damaged_item,2026-05-12 05:28:20.715813+00:00
4df66668-cf62-49c0-bdd6-07da7405e427,c49e8655-c509-49f9-b91e-f18c34017811,724.72,late_delivery,2026-04-13 03:40:17.724792+00:00
936a9af7-6e27-4639-beae-20e6baa2bbfe,a5196484-b36f-49e7-85bb-2f083bc1b56e,1253.41,changed_mind,2026-05-14 12:37:22.487167+00:00
1c0d0a22-13fc-4fdd-a6d7-ca66aee04a2d,f416f488-fa30-45f2-960b-97e525a9d381,916.51,duplicate_order,2026-05-08 10:06:59.872243+00:00
08ea6dc4-d431-4c61-99bd-1d4f0ea6b07e,e6a54eeb-c087-4fcc-9757-4d61091df897,1193.1,duplicate_order,2026-05-19 10:34:06.095775+00:00
66ee3ba5-a763-4355-bf28-7b50d1a8c82c,a18ddb34-6903-4c21-971a-9a18c2a01ef2,1358.98,late_delivery,2026-06-03 16:31:13.294276+00:00
e5e49467-94ad-4e4f-85ba-3016217116ed,c6bd937b-5ac3-4fb2-8cab-8fb3b207802e,1017.29,damaged_item,2026-05-18 06:55:28.475355+00:00
f8450324-3659-4bd3-8918-084a07197648,c91ba510-985b-4ab8-b8a9-a2607166611a,2414.84,changed_mind,2026-04-23 06:21:05.963564+00:00
e096ac19-1091-4ec9-8693-c66e59107b2c,01b98da7-6686-4be3-97bb-9e77db52fa1b,837.05,wrong_size,2026-04-23 07:47:01.173504+00:00
9958bcba-43d0-43d4-a956-f2af6b1b4814,cd57d7d3-ea16-4aad-8e85-82698ea62803,40.18,damaged_item,2026-05-21 17:06:14.370064+00:00
3dc878c9-391f-4326-a941-57a9a12be0cd,ae619621-ec50-4a56-a0a8-2b2c62563881,2226.02,changed_mind,2026-05-20 10:43:18.010631+00:00
5e338c7c-3cb5-43d0-94a6-ea2e7aad9de9,16ce076e-d60b-4a8c-9b3a-dc28f46d7a4a,1765.89,late_delivery,2026-05-18 02:17:23.551608+00:00
b09a851f-673d-4dd4-9bed-57575e81fc12,2b74f7b3-cca0-40ad-be92-14c317e3c4f3,3200.11,wrong_size,2026-05-29 03:54:22.281987+00:00
68d17f90-6bac-4802-9923-54f2a3b383d7,dd72d14c-eaf9-4bac-8753-cb7ffdadcf8a,4294.12,changed_mind,2026-05-28 05:57:38.972889+00:00
bc30e605-0ea3-453b-89c0-ae17267b22ce,5aa75d1c-65b5-4b2d-ad4f-2c7e213392e1,2762.57,not_as_described,2026-05-20 08:42:08.445808+00:00
5ac9bc39-c415-46ec-a024-c827a6bec5b0,2b6457c8-1394-4c0c-bd46-534f031ba5db,1174.65,late_delivery,2026-05-24 13:04:52.550864+00:00
1bd3b6f0-6834-42b1-acf8-189c09470dd9,a54a466a-85ab-45d3-a6e6-c44b6d1e796c,3089.49,changed_mind,2026-05-19 16:13:14.605049+00:00
04f9084c-e356-4ceb-a3bf-9616f5c212f3,5733bc44-591e-442a-bffe-da2075a9f244,8.85,wrong_size,2026-05-30 15:45:10.103375+00:00
0b611e95-eba9-4ec7-a2bc-551e29d4e353,d4b6de1c-955c-4abb-b7a9-1afb40352102,1621.55,late_delivery,2026-05-27 16:07:19.929882+00:00
aa8478d6-b4ff-4720-aa94-f9f9ce392a0a,7f8ecb29-c18b-4cf9-9dd9-069ef7a5385b,1142.65,changed_mind,2026-05-30 20:57:24.475925+00:00
e898f53c-0b6c-4031-a26a-ec3151cff244,f13cfe87-aa10-49ad-afd6-73d389dae41a,1387.54,not_as_described,2026-05-27 04:15:28.159368+00:00
a2ddef89-b527-44b5-be67-fc62617c430e,7d1c5f8b-7a68-48d0-9bee-36684497cb50,674.38,wrong_size,2026-06-04 04:37:20.260256+00:00
f17fc9fa-5502-4d48-bcee-c5dae9609cea,99565a7b-4aaf-4855-9b78-690e4f266ebf,1261.07,not_as_described,2026-05-29 20:51:43.148031+00:00
533730b4-64b8-446b-b063-a47495d950ee,cfa3bbb4-b929-4db3-b9ea-4d70d222f0ab,722.42,wrong_size,2026-06-05 02:28:45.580611+00:00
a212e4dd-7bdb-4441-86f0-8cc6a1b980bd,2a38dffb-3ddb-4acb-b78f-62874a27e976,358.71,not_as_described,2026-06-03 04:06:09.682053+00:00
6cb5a749-6422-4a6b-8033-f2ab5082196e,b16615c1-9da0-40dc-ace9-9df7c549a724,827.2,not_as_described,2026-06-06 04:53:48.574271+00:00
6a81d747-100b-430c-827e-9b8887d10760,9b866aca-6a1d-4408-89bb-e42073a08a79,846.02,not_as_described,2026-06-04 07:34:49.418352+00:00
fd0ed1bd-7e40-4575-8a42-9cf451aefc45,0fc309f6-f271-46ad-bd24-95b7d5af4345,1016.25,changed_mind,2026-06-04 21:23:29.667953+00:00
7bb9bfae-5128-4e9c-a24f-6df8f4308a6e,ac1f04a3-bdc5-4fa5-bc5e-f5513db3d348,485.2,damaged_item,2026-06-01 15:14:26.799296+00:00
cb869dd4-1fa1-437a-9c19-a359d5d4e6cb,c9dfc9e4-a091-48d6-933b-e71d383b00cb,2747.86,late_delivery,2026-06-04 17:23:14.545396+00:00
33ba73dd-3330-4331-a52c-b7b701583572,c6018895-bb11-4349-b922-39ff9924c5aa,3974.76,changed_mind,2026-06-02 00:27:23.944834+00:00
19870501-1d13-4e49-af27-97cdde28d3ba,7cb782fe-b40c-41b8-8a4c-f04c0692c114,3468.17,wrong_size,2026-06-11 01:11:16.951026+00:00
ca49f02f-1a36-49d6-9ad2-e8cbcce19db6,c8da6d9e-822a-4f23-8b95-94e86994f4cd,925.96,duplicate_order,2026-06-10 06:39:44.740821+00:00
9dc7fc5f-03b3-4ee1-9794-c16d6467cd37,4ea230b4-089d-49ea-bd12-c2e98ebf5fdb,4304.83,damaged_item,2026-06-06 07:42:34.337463+00:00
6fab1172-33f4-44c6-8b51-3b53a266fe58,f158140d-00bc-49b3-8200-cee88379c306,1144.35,wrong_size,2026-04-19 09:27:49.076515+00:00
e6e20675-a796-4cac-80f2-793cade14efc,8b4aa9f1-9fe8-4c13-a84c-4b999e154a78,2750.26,wrong_size,2026-04-08 03:47:18.189278+00:00
cf1ed139-249c-4958-a057-cd9d5f70d34e,9f6316e1-f294-4f01-b754-72fcb662b408,2624.02,late_delivery,2026-04-13 02:08:51.004323+00:00
76724b90-2ef4-4040-b16e-820d2e4d854f,42b791ea-5754-4e6b-8c47-cd4517f3802d,2881.54,duplicate_order,2026-04-23 13:56:51.175169+00:00
d3dfa52a-5efd-4cab-9b5d-fc52031509ed,88318fb9-afce-408a-93da-211f665ce508,1694.48,changed_mind,2026-05-09 05:47:36.178909+00:00
8efd6376-b9b3-4782-a058-636001a26a33,4b21d8ba-dd6d-471b-ad01-c3e12457649b,2282.26,late_delivery,2026-05-05 18:54:59.541119+00:00
d507b0e1-a5d4-41b1-94de-edbf5a363441,6ee5fcbc-662c-4a90-ba95-c531b3929064,2019.33,wrong_size,2026-05-31 17:45:56.944632+00:00
65e5f715-9764-47d1-b133-d0e39ee672d0,12034c59-7ea2-400b-92d3-a0e8026d9d1b,1929.39,duplicate_order,2026-06-04 20:35:21.917026+00:00
2be27c5e-9a6a-438e-885f-b34a79f73735,8727f69c-2a90-40b2-8346-6a9cbf0968d6,2303.91,changed_mind,2026-06-07 06:39:49.282811+00:00
9e763584-6a5d-4425-afb2-dc8128485b5d,a775663a-f911-4c3c-8e37-f244e3fc07b2,2560.2,damaged_item,2026-05-26 23:27:45.426325+00:00
679ed68a-184b-410d-aae1-4e8fc33ae2ce,a17589f7-cbb1-41c4-aa68-7a5d5e457bb9,2730.71,changed_mind,2026-06-03 00:01:00.841203+00:00
7fd375ee-495d-4445-a3ee-f360f4b0f451,dfe65ae3-13ee-46fb-92c3-b1e98a038b50,189.44,wrong_size,2026-05-01 19:42:47.780708+00:00
776bfaab-4a0b-447d-aea8-4ec097d58944,4fce2b7a-41fa-4c59-8878-1b8713ed4127,283.97,late_delivery,2026-04-05 10:25:03.929499+00:00
22229c80-8d63-48e3-a994-10d46a348a5d,a3ea9b91-0615-4087-9d65-66849f1391a6,224.29,late_delivery,2026-04-26 12:02:39.855501+00:00
a3fb3429-1c54-49f4-b14c-8fe33a6d0840,cf738804-d683-40b6-a5f8-db0218c2847c,184.27,duplicate_order,2026-05-02 23:15:21.006115+00:00
5d7191b5-651a-4b31-8aa5-1ffd734265c5,a82c5348-9146-43a5-9c4f-64168a3594f2,270.23,not_as_described,2026-06-01 16:00:55.193494+00:00
ac04bdd5-ee91-4082-94e6-a2dd2beb7dc6,8695d366-ed84-4f1c-b2de-07862064effa,189.36,damaged_item,2026-05-31 02:56:35.074019+00:00
ec253bf3-9fad-4699-9bfe-ecdbd4f0431f,4d04bdd4-6a19-4928-9538-132af870afd0,163.01,duplicate_order,2026-06-02 09:52:23.063165+00:00
205fb3f0-478a-48b1-a74f-735aefb63337,74201f65-7aa6-4c32-a469-f1c27cb069e0,2697.05,not_as_described,2026-04-17 02:56:04.118854+00:00
281f52da-c7be-4a40-b690-be52c6806694,fba8c298-8bf0-4809-80f9-c772952662bc,2704.39,not_as_described,2026-04-13 17:06:31.794450+00:00
9d84225b-f118-4e5d-a8c4-2d9b15adacd9,1974a0fb-6143-45b4-843d-9f946edd330c,703.92,changed_mind,2026-04-30 00:45:18.721569+00:00
aa755c69-e870-4949-93d6-7bf349ee0e76,1649af6f-04cb-455e-8764-745c905edc09,2978.5,changed_mind,2026-05-01 11:22:39.131375+00:00
bf408619-fe1f-4c16-af6c-d17d4f21c1f6,74944a62-2428-462b-b9b6-266f90f231cb,2852.95,changed_mind,2026-06-02 10:07:05.164433+00:00
60df59ae-8663-49a3-a13f-b9ab4f223460,2f7b8cdc-4923-4e0a-854c-49b88856a18e,3421.6,late_delivery,2026-05-06 22:12:00.379858+00:00
1601921c-65ab-48a6-98a4-662369dd1ca0,0a7d8d0b-f690-4b93-ae57-bdd762538bc3,2885.83,changed_mind,2026-05-13 06:14:21.990614+00:00
d3e68985-0afb-4277-9186-ec6eb61811ba,3bbfa63e-b824-4623-91f8-a8c951f10557,2102.82,late_delivery,2026-05-25 18:51:10.323183+00:00
2baa5762-d264-466c-b953-a2da577083f0,35a114f2-6c4d-43f4-bb7e-7c72f5ddf399,2486.92,wrong_size,2026-05-30 16:57:54.504646+00:00
f9b4ec03-4154-41c4-8283-da1ae9be961c,7fc7c70b-98e6-4a55-88e2-53968f7c6365,2340.69,late_delivery,2026-05-29 21:07:41.083299+00:00
527e5822-1959-4305-a8f5-8ef2d9341f03,d384b140-71ee-4324-a9d8-87eb886ee9b5,3430.66,not_as_described,2026-06-02 01:53:06.186007+00:00
479b8092-3023-4c2d-9797-74cac977d830,fa15ffb5-f3ec-4ac7-8802-3ac1047e97c0,3390.03,changed_mind,2026-05-22 00:22:03.665357+00:00
ebfdb567-8b5d-4e42-a9a3-03d1146c18b3,0579c7cf-0d92-42c1-a5bc-5c750ea9c208,2587.48,not_as_described,2026-06-02 06:54:42.793935+00:00
5cc069ba-365c-4484-a3ea-295e8ea51f9e,1975a7ac-5032-487f-88ac-129b4dc6b265,2523.56,duplicate_order,2026-05-10 11:19:06.697952+00:00
c3ce6b06-27fb-4091-a519-1f16d22dbdaf,8255632b-9ebe-402f-a313-74f12442a193,2396.49,changed_mind,2026-05-13 13:29:13.328855+00:00
794f807f-4da4-41c6-bbba-08e8fab6d891,7c3cd154-9d98-4045-8190-0d6ecb3b721f,2652.49,late_delivery,2026-05-11 18:21:04.357715+00:00
f86a3c28-3f42-4a54-a544-debb77d42e0a,f0f488f7-8fd0-4dac-b3aa-66180f02a678,3650.06,wrong_size,2026-05-14 09:44:13.613567+00:00
de1dee60-83a7-4433-8517-18b7f2046dcf,aaa927de-7502-4f9a-b8c1-6530a17b9359,4227.95,damaged_item,2026-05-21 17:21:19.493100+00:00
9e88bd31-fcff-4677-b555-9e287035792f,62d3aa1e-3be2-4da7-9820-4adcd89adc8b,3247.0,duplicate_order,2026-06-02 17:48:57.991735+00:00
62c78a33-4501-4f68-a1a4-929422bf09d4,6dad8afa-d4cf-4a1a-a250-458b7f9558d1,2279.71,damaged_item,2026-06-02 18:57:57.724998+00:00
a0b517e4-1be9-4c20-a4c6-66d233476f9e,ec830230-3fb4-433b-974f-32038a453aa5,3502.53,wrong_size,2026-05-10 08:29:32.344922+00:00
3b18a72a-6cf7-45ec-8943-b036d37f88ba,90267b57-d1d5-48a6-9f84-a7c500062e9c,3107.24,late_delivery,2026-05-22 13:45:11.738514+00:00
9c07dc78-3be1-4198-83e4-1674d601443b,fd1610e0-84e7-4bda-802d-9c0ccd2588c4,2644.65,damaged_item,2026-05-26 02:28:52.606744+00:00
6816f4be-094b-475c-af74-c1f38b036529,54b56ea2-3cb0-46a9-b3ab-ec1ba9629130,1903.92,duplicate_order,2026-06-02 05:52:22.954246+00:00
633fb8d9-1acf-40e2-89d9-53042dac6979,f3b46d7d-0187-47aa-99ca-b3d113d58b53,3096.65,duplicate_order,2026-05-30 11:44:48.591168+00:00
3f5e0741-6393-4191-b2e9-c641060cc422,ebd62d07-10de-46f4-ad80-66420d214d6a,2323.18,duplicate_order,2026-06-03 16:57:29.936715+00:00
53268f84-167c-43fd-9000-73ff94f8ba9e,604fb0a4-7dba-44dd-840b-2374b4b9759f,2670.62,late_delivery,2026-06-01 06:06:48.018960+00:00
80cc5b70-ec23-4297-9e0e-a20be6743a07,73640fde-b3f2-4ccb-a78e-37b8b3796b53,2734.64,wrong_size,2026-06-05 07:17:24.728141+00:00
db2969e1-59ec-47bc-bca7-1b77a1067f75,4ff20852-1933-4cd9-9ab6-be2f95bfbf76,3092.29,wrong_size,2026-06-10 09:30:51.126619+00:00
5b976d18-8c89-462a-ba20-1767a0200fb9,96ae32b1-4207-477f-936b-fd6802178b6b,2472.74,wrong_size,2026-06-08 08:36:48.361930+00:00
3f28007e-c990-4695-ab86-8e6102c31770,c8070dc2-ae5e-4578-ba2f-a7ad7d13306e,3026.32,wrong_size,2026-05-04 03:49:44.700862+00:00
c313cedd-0953-47cc-8141-b97e80b09dd2,f6c8b876-c0e0-4d6c-9c6f-108272835a3b,2853.31,changed_mind,2026-05-29 12:33:32.616247+00:00
b9b92177-964b-482c-b105-eb62d2a90163,fccaa4e8-62e9-4b6b-a1c8-8583d8dab911,2553.6,damaged_item,2026-05-27 22:41:21.454561+00:00
bee5899e-fc16-40c7-b34e-791bc34e1ec2,415fc884-ddc0-4551-8885-f75beade6ebe,3131.66,not_as_described,2026-05-20 09:18:54.667947+00:00
78a17e42-d2fb-43fb-ba3d-a2f36c7c57a2,933e16af-83c1-4731-b10b-d3b738063a36,2258.36,duplicate_order,2026-06-01 01:38:01.902568+00:00
d2b93551-7713-42bd-94c5-0df621f7f548,9ba33de2-29d2-458b-a2b0-f351b98af6b7,2802.98,changed_mind,2026-03-25 20:38:51.864411+00:00
b8fe8878-95c6-42c5-8646-7230d8c47d09,b03acca7-740d-45d5-b2dd-985a9d82717e,879.71,damaged_item,2026-03-31 00:13:23.264559+00:00
45d0e750-6eca-4db6-8dd7-77b30363bbfd,b35bf962-8030-4464-834c-3b0b7bb95aee,1994.65,not_as_described,2026-05-03 05:58:03.574943+00:00
d4b2e6c9-6354-4ce5-8ce5-3ae1ad5fdfe3,87a7b117-cb32-49cc-9182-305abef92998,3557.92,not_as_described,2026-04-27 20:23:24.884864+00:00
ce18bef6-992c-445f-9944-65f5aae5c8b6,c11042c2-75a6-4722-8990-f2f5c270ebe6,3132.66,duplicate_order,2026-05-18 15:24:37.407242+00:00
3daacac7-f787-43d7-b8e6-95ab77f0db80,d9e16287-5d1e-45ae-be34-5fbd16dc3cfd,4408.6,changed_mind,2026-05-12 15:37:29.378435+00:00
979fd624-2ad1-4474-89b5-226cc0f02ba6,e4a2998e-565a-446a-b1d0-76bcaff8dede,4845.93,not_as_described,2026-04-30 20:10:19.262666+00:00
5492d844-197b-4f31-bbfe-ef6fe18e9430,671dde2c-b43b-4a9c-b45e-b4e60d662954,1242.34,duplicate_order,2026-04-28 09:07:42.405896+00:00
64d6ea48-a099-4c92-9672-7fe6379583ba,375ef632-401c-481f-b726-75783c35cc00,2748.71,late_delivery,2026-04-20 04:21:40.209176+00:00
e0c63f5c-74da-462c-9b86-a26106c18aba,1a5b4a29-1874-44a4-9790-e2d1f4ee4d5c,4890.91,changed_mind,2026-04-14 08:51:17.280375+00:00
0f9ce1ab-b290-47f0-999d-17272e2a943c,5ef16fd1-88b7-4ca0-beca-7866dbde057a,4187.47,duplicate_order,2026-04-13 11:30:07.100941+00:00
002884a1-4f5f-411b-bdb3-761e763ab36b,4d1cbea8-0f36-485c-995d-f8e348a3ebb8,2497.15,changed_mind,2026-05-09 20:45:09.072245+00:00
1af7c3b7-e43d-45cd-bc36-eaf39dd6c43a,a30c2080-5de0-453f-8ff5-e454fef29bc9,3761.38,wrong_size,2026-06-04 23:19:06.444486+00:00
014518d7-fd77-4c39-b7ab-ed08270557ec,b0e03dcb-0c28-44f7-a276-4bc57fa9fe1c,1063.68,damaged_item,2026-05-16 13:20:16.380965+00:00
7f6b10b3-5e18-439d-90c9-25076eea7cfb,ea03e8fd-6439-411a-bf2a-f7c60223faf2,998.08,not_as_described,2026-06-01 05:49:37.909437+00:00
6a8ed8f3-4283-408f-beb0-7fdcbd528859,638f83b9-b559-4cb3-9c18-97d824268af5,631.34,not_as_described,2026-06-05 04:09:45.490684+00:00
b2bd9d6b-d30a-4ec2-a3a7-7743cf8bfd53,684f5d41-6734-4847-898c-74ab60d5e5f8,778.14,damaged_item,2026-05-19 02:06:56.949291+00:00
d6ce5c49-8ce5-4a68-809e-bb32bceeeeac,5a192e0c-af06-4177-9da4-85b38b815c79,791.98,wrong_size,2026-05-19 04:49:41.637880+00:00
a8f346e5-dff0-4259-b9ce-764fd1547bd5,9dafd1a1-50c1-4ab2-aad8-538828193bbb,542.74,duplicate_order,2026-05-23 09:39:31.156857+00:00
172ac165-d0d5-4036-9dd7-26e0d4da5b13,1c4d63c7-aab1-41eb-8989-e9198027fb43,426.18,late_delivery,2026-05-19 16:38:14.340435+00:00
d2db00ab-b75f-478f-9aed-47dddf29b6ea,a97ac596-ad31-49fb-a7e4-a94637d09543,665.13,wrong_size,2026-05-22 09:06:28.455496+00:00
5c5c33d6-95db-472b-b49f-6355801ba4c8,7b73ad02-69e0-4052-b21b-6d76f6b9f2f8,495.18,not_as_described,2026-05-20 22:50:44.100857+00:00
cd823eac-e68e-4b58-bfba-e0b024de2756,8a48e621-3e0e-4725-abc1-0ccf7d436ab7,607.44,late_delivery,2026-05-20 06:40:43.297667+00:00
c7a18ffd-ab18-4ec6-9a33-a34b56e80872,0f7bb385-055b-47c9-8191-6b92b09e9c3a,554.52,wrong_size,2026-05-25 10:38:09.751591+00:00
e944d9be-d083-4f5c-b9d5-50abb303c90f,de811f34-ceb8-4337-8122-c50986eab5e0,600.53,duplicate_order,2026-04-24 03:32:48.439864+00:00
71437335-2847-46df-8ae3-4da0f24bf06e,ecccd754-3bf2-4ff3-9fa9-436d113da758,482.18,duplicate_order,2026-05-01 04:15:17.911572+00:00
6399ad83-ff88-43c5-873d-4562577cd230,c7613645-3a6b-47a0-b7c3-5c24ef646a41,810.07,changed_mind,2026-04-27 07:01:08.368343+00:00
cc0faaa6-12be-4223-9def-c77a8a841fdc,01b1bd90-105d-473e-9988-0596eef4ce08,535.65,duplicate_order,2026-04-24 19:29:12.125481+00:00
5b266df2-7dae-499c-b6f7-159f1ae13b15,86131070-cd7c-42ac-8cd8-7dbe3c57a153,728.23,duplicate_order,2026-04-25 03:53:07.890622+00:00
f9155035-14c5-4b88-9a54-141432752c90,743badfa-8b52-445e-bdfb-12203f7b148a,733.4,damaged_item,2026-05-08 08:13:09.780406+00:00
acfa8e18-78f6-41c2-aa5c-417f4c21ba72,25bc4877-370b-461d-ae35-2a242e0bb9a3,416.22,late_delivery,2026-05-01 09:39:36.174964+00:00
8ff3e967-eda7-4435-8a36-18582dffd73b,c05dd458-b60a-4764-abb8-555cfb0f6c0c,720.89,damaged_item,2026-05-10 13:09:45.711073+00:00
35a887ba-d03c-4717-8bf8-57ceb4025559,ca91efe4-1d5e-4761-bce6-4ee00a3b4144,435.04,duplicate_order,2026-05-11 18:13:07.130818+00:00
ec57d4fd-3d11-48a4-bdfb-e22994b1ba38,6ddc5c9e-07a7-4bbd-bc88-8a74ef7df6d8,570.66,wrong_size,2026-05-10 18:14:01.421661+00:00
1aac9f85-c700-48b3-a4ad-bbb58398b76b,76d05680-28f2-40a7-8a50-9f8bce0c3747,801.52,changed_mind,2026-05-10 10:59:46.281692+00:00
1e65aa09-b1b8-4248-a760-c8ac26f92f5d,221d4566-6c23-4638-a684-4dc506ccc332,649.5,late_delivery,2026-05-11 14:36:06.627976+00:00
55ac054b-2722-4a58-a91c-75fedcd8c794,d27ebb45-d55d-4a94-9c52-c80c598b003a,535.42,damaged_item,2026-04-28 00:56:29.436331+00:00
b14a2669-5c25-4f94-a391-4fac729af0ef,ad476476-fba9-4df9-9c47-cc2984811b34,651.6,wrong_size,2026-04-26 09:04:05.689862+00:00
592774de-99b8-4343-b130-83be56672596,4c45c96f-21dc-4d20-8aff-1b33f3696447,451.44,duplicate_order,2026-05-22 13:22:01.402397+00:00
c2caf6b7-5165-4e73-b5f1-aeba3d368909,d1a87358-b094-46d7-bf2e-97aa98f93046,455.17,late_delivery,2026-05-14 14:14:59.573569+00:00
b619d279-276b-4a8c-92d7-1dd38064f8dd,a281d29b-4655-4a7d-9a9f-9c539ab2814e,737.4,duplicate_order,2026-05-20 16:01:20.183549+00:00
4477fed0-9af0-4e74-87ae-df6e6bfeacd4,a040cd52-b792-441d-abd4-91565dcd7b22,383.94,changed_mind,2026-05-11 14:36:33.410958+00:00
36245632-b407-4dc3-b9ba-45e41d924a8b,8671d451-29e5-4143-84a9-9103f672daee,550.61,not_as_described,2026-05-22 15:58:46.444050+00:00
036e2bc6-71da-4a77-bcdb-fac7d56e5273,bb1f23cc-d102-4b79-95f3-99a79ae4890b,389.92,not_as_described,2026-05-15 21:51:38.901316+00:00
d1a63af5-78b1-4352-abe0-c5dd74207b5c,148f6b32-134d-4b2e-adbc-217a7c1356c8,657.59,wrong_size,2026-06-05 01:03:31.808990+00:00
4c9cb917-2b18-4fbf-9192-7a25db130fcc,d2b26194-4c23-4ae7-a604-c19d267f3db2,681.16,wrong_size,2026-06-08 02:22:30.881465+00:00
ee743b8c-f5e3-4415-8074-38d229d1d8bb,e492574a-3098-421e-a268-bd8f0f70754e,587.97,not_as_described,2026-06-08 04:26:20.229878+00:00
d58323a3-eee8-4fca-b509-81e63c011539,401745d9-4770-4569-aaf2-29ec04256431,427.51,wrong_size,2026-06-03 10:40:17.295663+00:00
749842cd-54cc-4631-ae7a-19b31152559e,f54d43a3-f93c-45ef-9374-ec56d754b93c,660.78,wrong_size,2026-04-25 20:13:00.370427+00:00
155c337b-b62a-4afc-a05d-8b984d4cf833,dba4f208-9002-4675-8af8-2a31b5b8ad2f,4255.67,wrong_size,2026-05-24 11:50:55.450128+00:00
4e0d9dd3-99ac-4d88-8b5e-4a187d323e4b,4cfd970d-36cd-4358-843a-3a45113bf76b,4043.16,changed_mind,2026-05-14 13:09:49.505634+00:00
61fc6f3a-42b0-40c7-90c1-69903fc16e99,8d5355bb-4b72-4e8e-ab99-3902b182b004,2260.84,damaged_item,2026-05-22 14:58:02.692954+00:00
71f72882-fd85-4872-9b63-2627e1c46736,43089b5d-0fa2-4597-871e-ca9fcc1c481f,2556.5,duplicate_order,2026-05-28 16:55:38.974066+00:00
d2db05d2-b651-41a9-9de0-5cb32aa0a16b,b82abf94-bd38-4ce3-98e3-131cfbcf079d,2162.79,changed_mind,2026-05-26 21:33:48.142494+00:00
3a1af2eb-5b17-4726-a33a-d7453a13d38c,34fe5aeb-da65-4736-9b5c-265d967f5748,2505.4,damaged_item,2026-05-30 21:59:19.570152+00:00
cceec85f-1780-4e42-8b85-ab4c4b91c1df,648dcb43-6c33-4372-af33-711a8aea8d56,1677.51,changed_mind,2026-05-23 16:09:06.270207+00:00
a3a6efa3-0838-438d-91ff-0189c71851e9,0ea49d4e-10e0-4fe6-9c3e-17702a86de1c,699.79,duplicate_order,2026-05-17 12:36:25.893931+00:00
f0e555e4-4cce-4a53-9662-ba99220665b2,1ca81048-85c6-4a8c-b568-23735e7dbfbe,869.16,late_delivery,2026-05-28 09:53:03.450370+00:00
51faaace-6938-4edc-a2da-a092a354e2ec,ea4cb8d4-275d-44f9-accb-f256dd584d3a,786.89,changed_mind,2026-05-16 00:06:30.126977+00:00
401c4cc8-ed8f-4953-8710-4253358ee0b8,6430fd0a-d5a5-4112-a15b-66316dcf2305,883.54,duplicate_order,2026-04-19 02:38:39.149759+00:00
720a09dc-3a1b-41ba-bb5d-2a749bf3bf35,7a30478a-859c-467c-a780-7415cdfd32bb,1025.8,damaged_item,2026-05-10 14:44:59.409961+00:00
575882e3-433b-4046-b622-6203aca66209,184579ff-2617-4082-b9d4-9754b6e6e80e,2040.51,not_as_described,2026-03-18 18:47:34.999545+00:00
92a3593e-65a8-4e87-b30a-564ffd501bac,da9879b2-42cb-4e35-bc22-bf78a1b196a7,1951.42,not_as_described,2026-04-24 19:34:58.950934+00:00
b4156254-d15c-47b4-ac07-68a20fd8f293,fe1fabab-80b1-4b05-a1f4-e3df5f7dca83,1251.41,duplicate_order,2026-05-03 19:59:57.037481+00:00
7c9feba6-9502-48e6-af25-032c7e1f1b81,9f02067c-cb1f-4cce-b3a9-66b5bc4904f9,1888.05,not_as_described,2026-05-27 07:05:15.195853+00:00
18ed7920-04c1-402c-ac35-de3c5f5afe03,e35a3d2b-4681-4c9b-babe-528951802713,4043.41,wrong_size,2026-06-08 17:30:21.507262+00:00
b23b0fed-d9f0-43e4-8407-700651da3f48,ba9a13e4-bb17-40ca-962b-b4f66b4fb30b,2984.65,late_delivery,2026-06-07 22:23:42.735506+00:00
5d2fb27c-cfdc-4dd4-93ee-fa508a9d6793,c280aa48-ee50-4f61-9ba8-1f52862b20a5,3411.1,wrong_size,2026-05-31 14:29:29.277469+00:00
9a48abad-8333-4466-be4b-7a0c8d33c915,5611257f-de64-499d-b720-6ab850f57d2d,3184.6,not_as_described,2026-05-12 10:14:22.201603+00:00
73201674-887d-411d-992e-cf8edb458b89,92ff5dd8-db60-4488-b09e-892d1ba448b6,3670.7,changed_mind,2026-05-14 15:18:16.005959+00:00
bc4752a3-8891-4d86-ab8f-3329fc2a3049,382250da-869f-44b5-987c-a8b281508740,2079.05,late_delivery,2026-05-05 20:09:46.098582+00:00
dd384724-daee-4173-8a6a-130f7a0fb552,e6196fe4-4b2a-47ab-b73b-38bd47bd9c59,2469.29,changed_mind,2026-05-06 21:31:17.547563+00:00
00967e96-9bf8-49fa-a6b7-15cb4f6b4bff,d9ecbf44-0b6c-48f1-a24e-48cc9aa149bd,2970.27,wrong_size,2026-05-10 03:25:52.847970+00:00
1ecf689e-5e5c-4770-8ebf-df714bce5689,be28d96f-f865-41a0-a08a-230521bd0950,3321.84,damaged_item,2026-05-09 03:49:52.761392+00:00
fe243132-2fff-4d08-b068-cb7c2dd59530,ddf1c146-2e64-47ee-9517-f63cb0ce2be6,3622.91,changed_mind,2026-05-08 05:25:21.292118+00:00
cb3e6878-0ca9-43c7-91b8-e52ee552c4e9,ae309743-ac98-4150-bad3-9e51d38ba8c1,3078.17,not_as_described,2026-05-13 01:31:52.221715+00:00
1eaa3b6b-25d0-469f-9bef-9708e5c2be7a,74e7320d-e4ed-43a9-9e2c-1b41364c36e7,2433.1,wrong_size,2026-05-01 18:41:20.553740+00:00
a965cc4c-9d20-4934-aad9-7f52c1a47b1a,d5751176-544e-45a7-b2bf-4346103c2d9b,1735.52,damaged_item,2026-05-02 07:42:18.952379+00:00
d41a42b7-a3b9-423e-aef4-6e2cea4b57cf,08d5056d-5ee8-4902-baa0-201ece55961c,1184.4,wrong_size,2026-06-04 14:03:11.861773+00:00
c31bf079-9763-4617-ad70-1c2ef61feb67,e9d7e045-d25e-47a3-83b1-2b6b159362fd,715.41,duplicate_order,2026-05-22 17:10:38.683246+00:00
4fa8ed38-10bd-411d-a0de-52221ba7ca3f,0c55b9e0-b204-4ce1-94a8-a3a7c583544c,1043.25,changed_mind,2026-05-27 22:56:44.841238+00:00
303ab8ee-feb4-45b8-88d7-13f369d88c61,346576e4-3c29-4d32-9d77-289dec07f593,1049.88,not_as_described,2026-05-29 08:42:50.559261+00:00
bf8cefbd-9021-4514-9a28-7d54767c7f48,4042c5c7-364e-4c66-9ade-5cfd40fb1922,2057.75,changed_mind,2026-04-22 00:44:39.901068+00:00
7f6fad78-c56a-4c69-80d6-93406756f6d9,ab899267-bc61-477c-a7f3-8904b09e347c,2015.38,not_as_described,2026-04-12 11:54:13.289680+00:00
c84bcf3c-2a59-4f36-851d-cd89409db25c,edd8f1a2-fef1-4a54-9b72-e5e82fc1e187,3261.46,duplicate_order,2026-05-31 02:36:26.000841+00:00
60143406-f261-4b18-a587-8d203feb446b,98e19cd0-1017-4def-b06a-7802be82710c,1826.28,damaged_item,2026-05-28 03:02:35.830740+00:00
f74bf2e5-e736-467b-9508-2a770a01703e,ebc44b90-1d67-4df0-96b5-ccf497abcc98,2940.78,not_as_described,2026-06-04 06:26:33.280808+00:00
76682422-5317-430a-bde5-fb9df53080e0,f1953efd-b923-4a09-859d-0b0c20a322da,2750.69,damaged_item,2026-04-02 21:33:38.027251+00:00
5f50bf78-e427-4fb4-9475-15dd310b5aa4,b3ffca07-af23-4a62-ac40-78567e14e7fa,1817.38,not_as_described,2026-05-14 12:34:03.425357+00:00
898dbe88-3258-411b-aec6-935ec0e976b6,33c67b77-fa9f-4865-9888-f62e3e1f8cac,2013.32,changed_mind,2026-05-22 09:00:43.904401+00:00
ec8aaf0e-d0c0-4127-9270-cf72362a4677,4d4d624a-071a-412f-9bcf-2110a5a92699,1955.25,duplicate_order,2026-04-10 22:42:17.913129+00:00
e0c7a0ce-294d-40c7-aace-7359e950ed3c,b44db062-851e-44a9-912d-55e291d19a41,2515.68,damaged_item,2026-06-09 13:42:01.146999+00:00
8d738421-39dc-4aed-a0a1-63c961be73ab,247a3da2-50f7-449b-999a-cbf7415430ac,1061.86,wrong_size,2026-04-16 21:49:34.627750+00:00
56304aa9-7f48-4220-9092-72252a6de445,4b8cc72a-d6b3-4898-9093-734ddd0fcca3,1834.41,duplicate_order,2026-05-06 21:37:06.531905+00:00
