customer_id,label,cluster_id,is_abuse
0613c87f-6ebc-4983-95e6-7ecb4d307fc6,normal,,False
4701127c-dcf8-4cad-9625-207e89c6a89d,normal,,False
104c1798-ecb8-4895-8aaf-d2ff7ddd423d,normal,,False
6caf708b-766d-453c-9e34-3d495d053204,normal,,False
89cf622b-d36d-4a5c-a3a0-6d4a6e26d59a,normal,,False
c8a8f3a1-40c5-423c-9c6b-b8d540a772b2,normal,,False
b233fc1b-6ad0-40a3-97ef-8f45017f29a3,normal,,False
03cef383-f4ef-4d66-bad8-0ce65702edd2,normal,,False
77bc989c-f5d9-498b-9b51-fc39a2cfbba0,normal,,False
5d4f79b9-7f1a-4701-b396-d2c0e5c833ea,normal,,False
61bca8bf-a41c-4ca2-9645-212f70c05396,normal,,False
e59defcf-0182-4aef-9155-802bc58f52cb,normal,,False
570ed0d5-ec99-4f5e-b781-25abfab4e1a4,normal,,False
a693d7f8-7b86-4c4d-b115-ecf095e58f85,normal,,False
a780e12f-729f-4b2c-b0a2-415568c3fe0e,normal,,False
7b985c6b-5eae-42d2-9a03-6924620c5330,normal,,False
7e6a7728-366f-4e85-8387-61fdf49b7b02,normal,,False
b296826a-1a5b-4457-986b-a1eee589e04c,normal,,False
d0578d07-3a13-4766-b68c-ba416f677a3f,normal,,False
743998e6-7a65-409e-81bb-cdc3fb54403f,normal,,False
aa6f5451-ab97-4433-9044-28a89f5cf718,normal,,False
ef13cf73-5395-447c-a2f0-615b89dc6b5a,normal,,False
f2b89856-4d72-4f44-a8d5-baf44ea8ff64,normal,,False
b4f4e36f-eb84-4916-9187-d4afbfd88ff3,normal,,False
490847ac-353d-4984-a73c-ce7bbae6b389,normal,,False
93f4b60e-8727-41a0-8bcc-a658f9e5b2e2,normal,,False
ff2a7fc6-183b-4769-baf3-6ce2b534d37c,normal,,False
894a90d7-d09d-42ab-91ce-8fac22c5dfd5,normal,,False
315a230b-6feb-47c2-b5c8-ee425900994a,normal,,False
542ae064-bf06-4846-8e43-4924d2166137,normal,,False
4538802c-7054-48d3-90f9-a604e69f2627,normal,,False
bf219d03-0687-4305-b9d3-f7d5ecf6b738,normal,,False
ad6debf6-0350-4a35-9354-7842a51ed9fc,normal,,False
37dbf339-1fa6-424d-ad4a-3b0aec2dc933,normal,,False
dd3ab759-e5c2-4de3-a644-e1b525291ef0,normal,,False
f830fe5e-713d-40e6-adfb-844f91083df7,normal,,False
9ed71a49-fb51-4245-9944-a96e3b67a869,normal,,False
6b102690-7a3b-49de-a58a-641dd1f5c923,normal,,False
b1b9de96-826c-43c8-a871-b0be7571ff39,normal,,False
a1c2cbad-8b42-4851-b731-089585cbe09c,normal,,False
a42b6741-8aa8-4d90-8680-985a9d0c75d8,normal,,False
893043a0-8a45-41b7-ad3e-6537857fcc89,normal,,False
3629d2ba-8583-494a-9ed7-d8bc89e30ccb,normal,,False
da1121f1-58d6-4448-b60e-f8f019158cc6,normal,,False
b5b8ab13-3cc2-4b91-98d6-8daac096069a,normal,,False
c6923889-ef8e-49b6-8550-8a60062475aa,normal,,False
cd9434f5-cff8-4b82-afd4-2707c481bbee,normal,,False
afc6ce54-8a4f-4a0e-b747-65b678170ac2,normal,,False
ea6d5b05-e0cd-4d66-973e-1042224f83e9,normal,,False
e4bfc9a1-9ae3-42e3-b3c4-98452d0215c8,normal,,False
a694a4a6-3969-400b-8ab0-dd3714da3910,normal,,False
1135afa2-dd7d-4b88-add6-2935bebfcdf2,normal,,False
4f67827c-1042-480f-ad1c-68bba4008159,normal,,False
70863ee7-9167-4476-b787-fc1b81dffef0,normal,,False
3f21b97a-4cd7-40b5-a27e-12f674e5c2d8,normal,,False
a57fa80b-7d24-49d3-9587-77787b8387d4,normal,,False
bc0290dd-ff21-40f5-8d6a-c3f5840598fe,normal,,False
b632dcb5-a66a-44a1-8677-1c54126ec978,normal,,False
0491ac29-3e53-415d-adb9-82e19db4f17d,normal,,False
ffa6edb5-bb66-4603-a314-2dc8fac6b43f,normal,,False
4624b42e-efdb-4d0f-ac15-70fead6de08a,normal,,False
ed8967b2-f50f-4638-b48f-272a2ba5ad87,normal,,False
42669e17-1dcd-44d3-ba24-750fc27ce4ff,normal,,False
a4de06a7-bf8f-408b-b704-699c12c16ad2,normal,,False
9c46bc12-611a-4e8c-a67b-067509313258,normal,,False
4bc79427-e070-4cdc-91b2-2510a418bcac,normal,,False
0aba7f54-6256-48dc-b56d-5af8a4949251,normal,,False
a9fbc1b3-a0d6-4c28-bc21-8c1cce183a06,normal,,False
f41a4e27-c309-49ee-ad8f-7402cdc922a6,normal,,False
aae1d3de-5d0e-4d95-a3b8-0e2b1a35bf4b,normal,,False
f26b3a97-f7d1-4b2d-965f-022f1e873b52,normal,,False
2cefd57b-2d2d-4426-b695-004350f13356,normal,,False
63f8d3f1-d00b-4406-a8af-dd46c794644f,normal,,False
b42cff33-0c81-4969-8250-8e7b158c1806,normal,,False
43af0681-f6a4-413e-9a78-7de1ac56c309,normal,,False
e4d339fd-baf9-4918-bbad-8e828fd104f1,normal,,False
5990f872-46af-4bd6-b454-d9a961a1aa30,normal,,False
efd6282e-e051-40d8-b4bf-e7d2c4390461,normal,,False
a59cb1f5-2ea6-4994-8e97-0b1a69a1ebbf,normal,,False
6dfecbe3-3f2f-41c0-9187-acd089bf5820,normal,,False
aa5a2d38-7be8-4047-bd54-5c667e39839c,normal,,False
d0cd1285-f606-4ef0-8b03-aff7a878806f,normal,,False
373134e9-a9fc-43df-bc02-412884f3ed5d,normal,,False
ed397385-8fd3-4190-9287-33dba20ad340,normal,,False
6ea84499-dc44-4441-9e65-af8a388e594b,normal,,False
672be994-5eef-46af-90a4-46ff160db9c2,normal,,False
0e3ecd37-64a5-462f-a715-fe1ecb4c50e6,normal,,False
e3aebbed-c390-4d9b-951c-4dc86eb131d1,normal,,False
2c7373d6-b8d6-4215-a5ce-af2f3ffddb38,normal,,False
46f1bf2f-43f9-4626-997a-6ca2c0d44f33,normal,,False
0a589fd3-9146-4749-b062-65fe3adf6cb8,normal,,False
93c7d9f5-f34f-4d0b-8973-d50f811479a8,normal,,False
5609ffa2-75f5-4179-a85a-b3791e51f77a,normal,,False
2f433f28-c68e-4461-ab5f-e510e72d8d7c,normal,,False
e74a12ba-8934-4b05-a642-3114c1f19a51,normal,,False
29904f11-6466-449e-a56a-af2f5f2b0360,normal,,False
dfaf9c6b-260b-4fb5-b395-bce19784e0d3,normal,,False
ba110e3a-cafd-4877-9fca-3cabf51c4a5b,normal,,False
9249fb49-65db-4cbc-8b0d-510ef18372d3,normal,,False
5e3c2106-358f-447a-b61f-a4929a29a5a0,normal,,False
cd9e6902-31c0-41e9-8e1b-4dd133b21485,normal,,False
63af6214-a272-44a7-94d0-d96f486b0740,normal,,False
c6d1b5b5-359c-4a6a-9792-5f8a0c1a2c69,normal,,False
5b645b46-a888-411a-aa95-8849f24d1a02,normal,,False
eacbc25e-dfae-4828-b569-35ec80665e6a,normal,,False
a9413260-0e5d-499f-a8e4-5c79f140a028,normal,,False
21e4bb4e-1900-45e3-a330-4bc5c74cfef5,normal,,False
6a87ed4f-5378-4438-8467-b6863b123789,normal,,False
6abe7f82-3f30-443c-a04e-fabf2da5bcf2,normal,,False
43513b31-551c-416d-aa4b-8a72cd3e492e,normal,,False
e90ecd9f-b077-4edb-b4e5-cb20d5b5cd4f,normal,,False
fc92940e-a133-4d71-91e6-309faf8688cb,normal,,False
512caba8-5446-4ecb-9bc9-0ba9f5ddf910,normal,,False
5405eee1-6c21-4602-a8f6-fc10e8a12583,normal,,False
fcd1e2a0-ce24-41f4-99db-4e77eeb781c8,normal,,False
fca70457-4805-43f4-bc68-b6e3f9e51e72,normal,,False
5800b65b-a36e-441b-9812-791603fb9364,normal,,False
f4f4802d-49a3-4035-adf6-7257c8261a0a,normal,,False
7e6ba120-e7a9-4d76-b9ba-f1690be697c2,normal,,False
0a7a4b71-1c86-45fd-a207-0cbaaed5fbe4,normal,,False
f82df73c-bf91-4bae-b564-a04af3236b84,normal,,False
33532a87-3a19-41b0-bf3e-4c9b33dac0e4,normal,,False
47ab851f-c049-45fb-92cc-47d4fdedc2c1,normal,,False
52da3022-1a69-4e80-9aff-e91346fdbd85,normal,,False
59192a13-58d5-454e-bcea-6993acbf8c11,normal,,False
2a036717-95db-42e7-9fb5-a8568f706ea2,normal,,False
18c86fbb-cb6f-45b3-bdd7-323e1e0ec692,normal,,False
d476fda7-2387-4441-8c52-864fe9ac26da,normal,,False
12e244b9-acc8-412a-b1a1-e2ee5968e2dc,normal,,False
9f73d6df-9569-421a-897c-6b9d9c7850ac,normal,,False
d082d158-1367-4e69-9b71-7ead12714ec3,normal,,False
4f42695d-d941-4827-85d5-8de3f561824e,normal,,False
5e5b690d-b237-4912-a531-3d0b69f39483,normal,,False
a369393c-5494-4edd-86b4-ec224f090ab0,normal,,False
006d6c30-ea38-4547-92f4-d141e00abbd7,normal,,False
76a096ee-b2cd-4a45-bc28-3ad41e4c4224,normal,,False
a7336503-068c-4159-bbd8-aca7ed151ccb,normal,,False
978ef933-7c1e-436f-90e2-e9c78e3cd658,normal,,False
f588c8f8-b916-4c2b-9c32-fb9e601ab99b,normal,,False
ed69a724-2062-48a0-bbe8-5a66d20fa1cd,normal,,False
d84e575d-b875-46fc-897a-cba94a1e90f3,normal,,False
505db56f-bdab-4a23-8f3c-484cb3dd606b,normal,,False
e185b428-024e-420b-9e77-98949b3d8abd,normal,,False
001ae985-3b72-40e0-b776-9d35613b3329,normal,,False
fe6edcc0-587e-40c3-9ffe-110fcfb21c52,normal,,False
6c04355b-d446-4a6f-a1d2-379f32fc9d42,normal,,False
d6c9adda-c58b-4793-8bb3-a88f448a253a,normal,,False
b4fb5074-7f68-4e77-953e-fcf13f3b0752,normal,,False
da014c17-c75c-4259-ba55-d3ae0d06afd5,normal,,False
7e2bc284-396a-459f-8f03-34714f09ddb2,normal,,False
fcf73390-8519-4de3-b200-668064900af8,normal,,False
4115fb19-7909-4338-8523-bd1ffbab0d65,normal,,False
b82694cb-0668-4228-9cfe-15745c7cd99f,normal,,False
e81b39c2-195b-488b-ac38-05193cf40070,normal,,False
c587a0ae-1177-454a-94b2-7b8674f76453,normal,,False
bc771b20-4207-44ea-8f0e-265f8172f5f5,normal,,False
bec5ac6a-8f06-4971-85c2-f5885e40113b,normal,,False
99e939a0-2118-4820-8425-3249fb6b1cb3,normal,,False
8606d22b-43c0-480d-a5a9-26a4a2e03ef8,normal,,False
d3ac0b56-44fe-4c31-bc8c-c4040cb964c1,normal,,False
a1f70f09-a686-4aea-9996-8cc80aa8aff0,normal,,False
f93ce6c6-2b92-4ee9-bed3-eda21873ecef,normal,,False
8da73bb9-525c-4edd-9ec6-9e7d808a6417,normal,,False
71a43a93-80a6-4a71-8c11-7076d0d1707f,normal,,False
9f0e7fbd-82c6-4fd5-b11a-4c87b0ba9e0f,normal,,False
cb1685f5-0596-46f8-8cc8-c76e0f67c676,normal,,False
40001306-4301-4283-a780-fa5111947e5d,normal,,False
84120a68-5d7b-4b77-af4c-efaa62a54717,normal,,False
3737c5aa-2f4a-4483-b725-f176771ab673,normal,,False
04e9159a-a046-4651-ba1b-454e1686abca,normal,,False
743a0788-0ca6-48da-a166-23a873c8e36a,normal,,False
2808d813-a2bc-440d-80db-5dcbe4decb3b,normal,,False
4d885d93-083d-4626-ab1d-a91609b00803,normal,,False
4d44c38e-1b37-4c10-a375-bebf5902b99e,normal,,False
51bf4f59-4494-4f85-88e3-8597f225489d,normal,,False
9ddd5213-314b-41b7-b1f6-63c51ca1c83d,normal,,False
ce9314ca-8380-49e8-96b5-2fd25c9f3b93,normal,,False
c3710d6e-a2f4-474d-b07e-b65e94b2701d,normal,,False
26820f8a-2bb8-49ad-8d67-d62c5e93d317,normal,,False
8b8e8545-b968-4f8c-a79a-56e77c833eb7,normal,,False
c5eafb67-b133-4f3f-8692-80d1e1951400,normal,,False
433428ad-16dc-47de-8208-9932fde632c8,normal,,False
718e8541-98d4-4752-b4a3-3bd44460c8b2,normal,,False
2cd884d1-db3a-4776-84e3-de0eb5c76432,normal,,False
5a9cc69a-f24b-4f79-800c-1d5fee0fb828,normal,,False
5ded7873-b7ea-4957-9b87-df202f924e63,normal,,False
b14bfbe0-8b3f-4c2e-b888-c21076b17cb0,normal,,False
653eafb9-7a71-4962-ba45-e521d9683f02,normal,,False
a4fe156d-221e-4ee0-9963-7b4308297557,normal,,False
e77d71e5-812a-4ccb-a3c3-9151c55ee1d7,normal,,False
58d27cea-2386-4f01-b850-17eda5d8ac5d,normal,,False
d2193a87-abde-4e7a-a854-77063ad88890,normal,,False
b24fbd27-d2ea-4940-ab53-90870929eced,normal,,False
4ff59db2-ff42-4e9c-ba70-17a32e143c8a,normal,,False
fb3315a1-9afd-4de1-8f2d-109c2aa8e74a,normal,,False
7294b8f5-9209-4461-93c5-97ba1d44ffff,normal,,False
64ab404f-ff10-4b79-bbbc-91156e0aef4c,normal,,False
b247ccc6-029c-4b06-acee-bbd6cdff97f5,normal,,False
356e1e4f-6fdc-4dbc-8cf8-3d470d13e754,normal,,False
3883ca3e-b4ec-4752-a68e-b35d19de603f,normal,,False
3eb95377-5f81-408b-b87e-11a22d11053b,normal,,False
d9ae846a-3b64-471c-897f-d0d0e3dfe1ef,normal,,False
90e04217-cc80-4084-b052-39d1e381c3fa,normal,,False
b37e8ec3-adfb-441c-98ba-6f57809476d9,normal,,False
354a69e8-b423-4144-b1ad-5141d6fa88c8,normal,,False
ae455ce2-f84d-4c80-a4bf-4be60d76db1f,normal,,False
5e7fef86-c054-46cb-94e0-6f49238cefb9,normal,,False
1fea0549-8b27-4e62-aa51-39c8007f7802,normal,,False
731a3d01-4c1f-4904-90be-49c6aff18380,normal,,False
41469d74-55e9-447b-a270-998f7a1ebaa6,normal,,False
88efd5e9-efa7-48ca-a744-3a68d2e81f51,normal,,False
2fe06c11-0d04-458a-8e8e-4faee5b0c50e,normal,,False
7b01e695-73b6-4896-91e8-004ffd326bde,normal,,False
83c42a9d-b0db-4bc8-86b6-2666f42c1e4f,normal,,False
27842595-6159-4b31-b906-8c3637b46c0d,normal,,False
f21d39c8-626a-44bb-92d0-693954851ab5,normal,,False
8730c5fc-1868-499a-8efb-8ad6603daede,normal,,False
f94e4938-2fea-47ed-b78d-bd80b5b6524a,normal,,False
de517bdb-9676-4c93-8d2b-b754241060c6,normal,,False
d25a9ce8-4a42-4240-a3ef-a91940d5193e,normal,,False
da271711-bb2a-483b-bc29-0576e3f6d369,normal,,False
50b02413-1e90-4dc3-a370-c94233839d2e,normal,,False
e90a0fc4-1dbb-4a50-ac2b-15f88cbbef28,normal,,False
b1d8d6a0-dfd2-47d0-8319-7f06a9641eaa,normal,,False
14be2155-9a86-4b59-845e-5e331126f91b,normal,,False
bd7972b6-b14a-44bd-852e-ccf2c9067c7a,normal,,False
c67d1989-7847-4d8f-b625-ccd812b4c8f0,normal,,False
4d637bea-65f2-4ea5-ab39-9b87064a1203,normal,,False
9a9f0c0e-283b-4752-9398-f494cac4d5f0,normal,,False
fcef6116-7040-49fe-b740-ed7dfa04295e,normal,,False
d13b32d2-2e00-496d-b757-cf087dfb5e73,normal,,False
0bc352f0-846e-4272-b8f4-e81f7f5a747b,normal,,False
2d2c06ba-b20e-4be7-9683-74ddcfc21f12,normal,,False
ab37e745-1c77-492d-bebc-e56dff625cab,normal,,False
59b2e2fe-b2ef-44f1-9388-bc6249d6f132,normal,,False
b03c20f3-d769-499f-a62d-8a97cf303212,normal,,False
5087320c-c101-4f34-8ba5-4382fdffc998,normal,,False
77e89ebb-0544-416d-99ac-68204dff4398,normal,,False
8cf642ff-6391-4b21-85c6-e24ee6dd3aac,normal,,False
ebb00757-a149-44c3-97e1-ab6676e90900,normal,,False
df4b7940-3f0b-4d12-b44e-b78dc5754f8d,normal,,False
20834922-2cb8-4396-8c39-90a2d69fd508,normal,,False
eeca24e8-0dd5-4534-9c9e-9c69fe8ede87,normal,,False
91fbd105-2564-4e25-9914-297c514a6059,normal,,False
e3ee137c-bc22-4cfd-aa86-ca176ebdd22e,normal,,False
a3a2868b-f37d-4514-9a8a-d08b5945b2ef,normal,,False
bea1fda5-7f56-4433-8d7f-ab2f3db3799f,normal,,False
138b9961-d520-450b-891e-aeec8c3dda44,normal,,False
5bb92bf6-dbe8-4eb4-818a-3511590b2817,normal,,False
9e026873-0d99-4f6b-8269-f5168cf88acc,normal,,False
51f1bbe9-86d6-4e94-86aa-d29fa539e9a3,normal,,False
d89b40d4-95eb-453e-9b19-14014f690889,normal,,False
3757cacd-f1ef-4dd7-8311-5d1bfee4986b,normal,,False
a0dc097a-814b-4f83-aa6a-4890070d0a5f,normal,,False
93a14f1b-da85-42ed-92f3-168060d8ab74,normal,,False
044e2131-356e-400a-8467-06195e5bc2e7,normal,,False
0dc16836-084c-4a9d-8440-482969691f9d,normal,,False
8cc3bb14-d289-4ad9-b630-008306fc9d03,normal,,False
57f58e03-b7d7-4f8c-9947-03edf9ff6f6c,normal,,False
ed93e46e-10cb-406b-897d-26209fed0d38,normal,,False
0b5653ff-473e-4cba-a4e3-0398e7e3fa85,normal,,False
f0c5b32a-431f-40ba-8c7b-34370f747df5,normal,,False
1bbabc29-0a16-4031-bad6-5fd82ec072c2,normal,,False
bee42e5f-2e01-4550-b52a-d93ffe6acad4,normal,,False
eccfabc8-d66d-469e-8578-f26b2c60e62d,normal,,False
9611d197-67cb-468c-9a3d-d8ca9053705e,normal,,False
25290ea4-8bd3-4fc4-b2f5-0439ccdb4f08,normal,,False
14784fdc-4d53-446b-9b98-608078731f75,normal,,False
15cda996-2922-4e24-9d61-30c7c4f13c8c,normal,,False
686f79a2-4961-4f1d-8ec1-afcaa064b755,normal,,False
49338989-9a4d-4907-b52a-c1db473c1f95,normal,,False
1ede6ebc-1a02-43f5-981d-14e03b69255e,normal,,False
30874e08-fc80-46d2-bb15-c331a1f35315,normal,,False
b58a7b41-0113-4bca-ab82-e8485a0347cf,normal,,False
85cd5ffb-a1fb-4e06-88a2-47fa566b5e0a,normal,,False
47e53c0a-b955-4a3b-a02c-267448561ccd,normal,,False
a66b82f2-a0f0-4e87-a28d-85d2caf291db,normal,,False
eb1967f4-0029-4db2-aec1-2efcf5ddad72,normal,,False
88887d33-8b30-48ff-a99c-6e77d2d18266,normal,,False
172860bb-258b-48bf-b6cf-f8fb78cbe7d3,normal,,False
51ddecca-c43a-4fc7-bbe5-5ac791a34f72,normal,,False
00de8d10-fc57-4cf6-b7a0-1b63ecec09a9,normal,,False
4fe71f2b-61cb-4853-a774-9c1155ede92c,normal,,False
3e8d27f8-c43c-4252-b9c5-618c4590c512,normal,,False
561e9677-632c-49fa-98ff-2ca38b3c4085,normal,,False
04031c19-d8cb-42fa-bb23-8853e1ae37e6,normal,,False
1f77fe1e-05ba-4586-9eb1-6ddd1888b035,normal,,False
a8403daa-7a7d-4a19-a850-d1c78564cdec,normal,,False
198b28c3-e4be-4cf3-9cad-8204198e5179,normal,,False
e355a87b-6d4a-471e-8bf9-bc72ed77cc7d,normal,,False
c07d6e9d-6b58-4133-b6a9-b3f89e9433fb,normal,,False
6b891157-eb7d-402e-8045-81ddfe86187b,normal,,False
5c237621-d427-4e73-b4a8-5119514140f3,normal,,False
f255c37e-c6db-4af4-bd34-969a08f05bd6,normal,,False
dd0b52a8-2863-4ef1-be72-363fac33b89a,normal,,False
c6defb4f-0fb4-4634-a9c8-285257049321,normal,,False
2af7a459-34e3-4991-967f-dfc08ab23f3f,normal,,False
a0853813-f2ee-4939-91fa-d833f6a4bcfc,normal,,False
0c5cbe1d-5a1f-4751-a5e2-556d47381b3c,normal,,False
8f4a6d33-69e3-4f54-a2a5-1207bf1ada95,normal,,False
5ebf8cad-a397-429f-9197-3d70702fd5e2,normal,,False
490deebf-037e-45d1-acee-d8add17eadb6,normal,,False
201b39a1-c1a3-49e9-885a-c270609ee677,normal,,False
15a96b22-011e-4eac-a492-d5c53e3f15bc,normal,,False
bef0a6f8-f0bb-44fa-8564-f4fb5940c9d2,normal,,False
e04529ba-4d90-4f7d-ab9a-f7cd2476fb56,normal,,False
e11433fb-051b-4b00-ba73-7fe1c0197f6c,normal,,False
15eedc60-ed4d-47cb-bc3d-cc2d3ccb42fb,normal,,False
4cb2f3ac-7a6e-4b59-ac7b-6c776437b41a,normal,,False
7c8bfd55-1532-4323-b83e-aa2f50c32933,normal,,False
3282e500-3ea9-42e5-9b91-80ccbecd2206,normal,,False
4236c798-772a-4c28-87b8-ef6a610d9381,normal,,False
078563e9-43af-40a6-969d-89d5d5221ec3,normal,,False
641e68c7-0cbd-418c-9bb1-127f058da415,normal,,False
742769d8-7b6b-4efa-8bdb-34ba00fbb821,normal,,False
e2e1aa11-ab15-4cca-88fb-9f6cedadf7e0,normal,,False
430a8781-ce36-4894-808a-ee7366c41bc7,normal,,False
dc248473-dca5-450f-8038-22776deb218b,normal,,False
9cbb7b69-7e5d-49ed-a33b-1ee13f15668e,normal,,False
d28be0c2-0a3e-4f0e-a9e9-4e035123f502,normal,,False
8d7d46d5-3043-44ad-8d06-3c7096705d46,normal,,False
6c9da0d6-de12-413d-be8c-15f46399fd03,normal,,False
0645c09d-67c4-4981-8878-76f55016e487,normal,,False
3dcb53a4-0ff9-489c-ac05-ebadd817864d,normal,,False
b410597d-7618-4286-9575-01be7c41fde8,normal,,False
9d684532-73f1-4908-97f7-bf8e00783ed4,normal,,False
5b5a3c92-b7c0-44b1-8d36-88c0e48e737d,normal,,False
2b0a5daf-8d8c-449d-b50b-36a253445544,normal,,False
9a4be273-dc29-48da-bbd4-e70c919d36de,normal,,False
f85bbda4-9106-43a6-9c94-89e6aa3ff710,normal,,False
f2595d29-6671-44ff-bd3e-42cd04b70bd6,normal,,False
a7e01eb0-3f87-4b40-b84b-f9f178add171,normal,,False
ec0cbbde-25e1-4f75-9c1c-2c92eb454985,normal,,False
da1f9266-b90c-4187-a5a4-a7d58b602cc7,normal,,False
ec1004ca-c839-44db-9f71-97c5e77e2028,normal,,False
f3af2598-7385-443e-b9e2-ef5c16ca79ad,normal,,False
ac5fc6bb-f7dc-47ee-8aa8-a4c9e052dd2a,normal,,False
8c51fc2c-b7e3-420e-8c41-7eac253f4db3,normal,,False
ef4a3b47-d78d-45ce-872d-bbc641312056,normal,,False
cee0f684-571e-41fe-9036-b1e460282169,normal,,False
fa9a2c1f-7c92-4a07-ab84-9829cb76c6bc,normal,,False
04a5d8b0-8571-4ddc-a802-b9edf1f9c9ec,normal,,False
e570445c-26c9-4290-9191-c7aaf698259e,normal,,False
5e2ecf72-e9f3-44d5-b3b3-4de79370fd42,normal,,False
d8780f8e-1a58-487d-ad2e-b9aeaae6cf7e,normal,,False
952c5c5b-c15c-4e64-aa7e-d65d24a5d7e3,normal,,False
03fde4b7-5857-4448-b738-53ade46a0372,normal,,False
36fc375b-9709-4201-9caf-8008684ca807,normal,,False
fdb23bf0-094d-41d1-bf41-e597a1918138,normal,,False
83b0fa71-c679-4963-a33c-683f1233f315,normal,,False
8cbf1875-d618-4f05-b3ad-410964ae1eaa,normal,,False
4ec5ac61-72c1-4e16-a269-42647cd8e55f,normal,,False
cb61fec3-0dcd-4885-9b4c-0233f42a8404,normal,,False
f0cdc7b6-213c-423b-a084-cd88d1b1fcaf,normal,,False
8e0edeae-72e0-4d18-b083-f895210c7473,normal,,False
e7488c14-eccd-4b35-9b34-4b08dfd4cbd8,normal,,False
ec3677d0-4d6a-44ac-9ab4-88cab8d628d2,normal,,False
bc379bca-0edc-4ad7-91cc-92f9c6374c53,normal,,False
45167d68-dd01-44b7-a21b-c60c45e439ab,normal,,False
a1443550-5df0-46d5-968e-43e50fd98c71,normal,,False
384148c6-835c-4c5b-8d31-7d18714276f1,normal,,False
3527e5e3-7e63-42e0-a3e6-80f0407358aa,normal,,False
77f97d8e-ca69-44aa-92d2-d26cf6c0c4e3,normal,,False
325f1cb1-0a16-4007-9870-d708be22825e,normal,,False
6e483941-e5af-4061-9777-d212914adbf9,normal,,False
030beeb8-e6b8-4a7a-8c9c-e0ec47d4c10b,normal,,False
7c52bff1-1c9c-49a1-ad36-98257c4d420e,normal,,False
d6924b1f-bbcb-4897-9e22-fb55fd703799,normal,,False
1a4f2cd8-530e-4d51-80d8-012d00c58264,normal,,False
07830be1-95f2-43bb-8e32-61b24b034fda,normal,,False
38ca7256-9ff4-472c-a630-09c8c721c22e,normal,,False
40e2cb06-4c26-4888-98ca-f569cf4214fc,normal,,False
3432cea7-04c6-4c8c-a312-cd113c436a1e,normal,,False
b401bd9b-b6c8-4797-85d0-571165b3b898,normal,,False
069f1104-2ca9-4bab-97c9-a235a9e0e098,normal,,False
53de7c0f-cdb9-49df-8ee1-21f9d1ee91bb,normal,,False
ac5fa5b8-6116-4f2b-96d3-08da0969b3b1,normal,,False
281ca4d5-68ed-4cb8-8cea-1e26428f493c,normal,,False
d6ef9e90-8c84-46d6-a5c1-996b6995a683,normal,,False
531078e1-8fa1-4d9d-9837-03684123852b,normal,,False
e5037e80-5827-46de-8c28-492b6171239e,normal,,False
6c893606-8f7e-48b6-9274-a81e9cbe62ba,normal,,False
ed65d0f1-b9b0-4ad3-b1bc-bb8767ec501b,normal,,False
69d54f01-d700-4d33-876b-16fc2028f3fb,normal,,False
147f2b69-1214-4c72-b83c-ce4f14482d49,normal,,False
c851409d-ad11-4cf9-bd11-a0478250591f,normal,,False
ef414c8b-c258-4ce5-8189-e366eb26a03d,normal,,False
dd890f21-5bec-4a5c-8de1-ad1b1b80db37,normal,,False
8c61d325-63a4-418c-93f2-4a2a5ec320fc,normal,,False
049ebe83-d2fa-4b08-83a3-c4ed2a2938c8,normal,,False
deba9244-a6ff-453b-9891-f99f560ace25,normal,,False
c8d8dfdf-9ec0-4dc7-96ad-e311de4078e2,normal,,False
6a114bff-5109-4403-b63d-5470680235b2,normal,,False
d709d9fc-8bc1-41c3-bf80-381d115cd9f8,normal,,False
76ce4aa5-675f-4548-ae91-8c86458f1278,normal,,False
b7504f9f-f7ca-4e80-909a-fc2377eec011,normal,,False
985dfc7c-ad29-450d-a865-f595e8705eb6,normal,,False
9139fb70-6704-418c-961f-fbd435fcd54a,normal,,False
6bd59f9a-22bb-4831-a47b-0560ed6f4ba4,normal,,False
4bd6a5c3-2dd4-4147-a6a0-c33eeaf94ea8,normal,,False
97a8bf60-0042-4048-aa28-5ca562f7262f,normal,,False
7a6b9565-1cad-4ae2-9501-bdff17b17066,normal,,False
ae22a4dc-832b-4eaa-8cc0-6ecd43fb2264,normal,,False
fc3c136c-e252-4296-bf86-7567a89a5495,normal,,False
930fd5e4-071c-4963-aa75-90c4c41a3a17,normal,,False
b04654af-197e-42bd-8a05-9532c4f42cd3,normal,,False
7672db92-ba72-4eaf-a1f5-3a74bec29708,normal,,False
81a7c114-3968-4f3d-92fa-25f0965dc59c,normal,,False
68f6f130-3c67-41e2-9afd-76a9fb5dc235,normal,,False
8089e17c-91c5-496b-b214-772a470cadcc,normal,,False
13dd9476-6118-4979-bedf-cd5cb615ae71,normal,,False
89fa7629-3c33-4f95-867e-502f2c5d2d06,normal,,False
eca93885-26bd-49d6-97ab-f033593e1820,normal,,False
34496197-80cc-43d6-8a57-1d24134efb3a,normal,,False
b460642e-dc12-4bb6-b357-0f8757f58f9b,normal,,False
b6581b6c-c6bc-4653-917c-d65ecebe84c4,normal,,False
b2dc6485-3d9e-42a3-93e0-ea55af64a3f2,normal,,False
37458cea-2951-4537-9909-8e079dbfca62,normal,,False
0ec62ec7-1824-4a7c-b572-2e6940d2afb7,normal,,False
bb19d02c-4fe5-4bb8-9067-a12f37a6727a,normal,,False
dd7046fb-3e08-4b42-a9c1-9bb65db76958,normal,,False
6d6c2243-2c4c-4b56-ba03-6b2df7254aee,normal,,False
72cdcf97-dcce-4925-8a0b-3a0e4a8c6477,normal,,False
e93a8fd2-06b7-4aae-a9ae-0933c94bd997,normal,,False
340f8bd6-be4b-4c29-9d19-2f188ba6c14a,normal,,False
c7d589ca-d492-430e-8cf7-a13bad06300f,normal,,False
d1f50af2-6469-4cf3-aa4e-18ad0ec4a4bf,normal,,False
a7fabfc0-e773-4dab-b614-289d77b0234d,normal,,False
e43b7853-827a-4993-9b35-729f270484c4,normal,,False
2bb532bb-665d-4a4b-ada1-5c6ba72aa70e,normal,,False
5e965abd-135e-4fa8-8a8e-c8a772e36922,normal,,False
d4a7513e-fbb2-4d2b-bb8a-1c641b52ad44,normal,,False
8a511846-6142-4cd3-a806-a2fbddb533f4,normal,,False
67acc7c4-ce6d-47e0-9a79-784cd894c2f1,normal,,False
87cfc5ea-2397-4706-90c6-a7d4a6e7dc15,normal,,False
80e07151-35aa-4a45-b4cb-d0f4124f438d,normal,,False
ef476784-d57a-4515-b385-cfdaedb398db,normal,,False
d153d27a-e802-4486-a6d0-05646f19a8f5,normal,,False
1f754444-fd15-4585-a369-0c1eaf4f5143,normal,,False
d4d65965-76a1-4117-b959-186b0b42602b,normal,,False
22475a02-9d73-48d3-ae07-31cc818e0bf9,normal,,False
cfff4474-63ab-4243-8026-c5f260efcc0c,normal,,False
7cab8183-1953-4b16-acc0-3891fcf8a432,normal,,False
bd4c4b3a-c782-4630-97c2-91ab1d6b169f,normal,,False
224fcde0-5a05-40e7-857e-7299d184374a,normal,,False
82e5786a-175e-4112-87b5-de4b830db408,normal,,False
56d73ba2-7cd0-4fe1-8181-f383615ed1ca,normal,,False
adffef2b-bf66-45d0-b6de-eaaf0660f58d,normal,,False
b514c9d0-2e28-424a-970b-fdf6202983b6,normal,,False
d6eb14bc-eb7c-409d-8a1e-38bab091afa2,normal,,False
96eea69b-f52f-4172-9909-94268b7e8811,normal,,False
e65851c4-bfe2-4a16-bb8e-5a5573c70405,normal,,False
74695c91-29fe-4951-99eb-4cc1821afa81,normal,,False
9b8c1311-07a0-4ac4-94c6-2409ca3dfb4b,normal,,False
65a41327-a6e2-4abd-8d1c-24acf979e5e8,normal,,False
e3df3643-e92b-4f78-ba51-737f3c4f2c9d,normal,,False
3d123c51-2989-4451-a013-e50b3a3e0e49,normal,,False
d7146ecc-6abc-41e3-a899-c663c1e330d2,normal,,False
577db57d-d175-4176-9c14-aedbfc12a306,normal,,False
b6f70712-b426-4cf1-a38c-911ce26d60e1,normal,,False
01545b2e-1d9d-4f92-a74e-4081aa28b686,normal,,False
cc0c89dd-486f-473d-9167-561f20862ebf,normal,,False
d041b9b9-752c-4053-abf1-bc1cf358c34a,normal,,False
b4e2c76f-b92b-46b1-b66b-50582473e990,normal,,False
c7ec5dae-b8af-427b-90b4-90a46b16e59a,normal,,False
1eb6ea81-ad1b-4797-80c8-0533251a39c7,normal,,False
61024e32-48ec-4d0a-919c-68986617ad1d,normal,,False
0615a813-2b7a-4569-b29d-31de22ae07b0,normal,,False
81f0c843-c050-4d6b-b92e-e0d44b1b04f9,normal,,False
37eaeb7a-69ec-48bd-b993-5365a1cd6869,normal,,False
bf419b52-870f-4395-9ddb-cba3d19fa7c6,normal,,False
92184c0f-2c98-4894-abd6-fa54cbfb5474,normal,,False
9ae48d48-4fb0-472b-af88-0afc9bfe4b90,normal,,False
d0ed27f7-1c44-41c4-b3ec-e130154cac4d,normal,,False
4404e672-d8fb-4a12-8a8b-35c72a4cf7a9,normal,,False
6ba3ac40-c267-4770-9081-22f26317ec1c,normal,,False
65fcb441-26a7-4ad2-810f-b51ada727569,normal,,False
9f26cd46-f7b1-4eec-be32-e74df420aba3,normal,,False
326019e7-4a33-4d4a-a8a0-a5122143591c,normal,,False
62e0cced-c0ef-4d06-9d71-2b6acb2da597,normal,,False
67f43d3d-5a9e-4654-8d6b-013358d3094e,normal,,False
936e52db-bf6a-42f1-8a29-514d2d834f8d,normal,,False
61a8a8e6-57dd-4fe2-8f7c-92586e6a8870,normal,,False
73c55293-a4ae-4d9f-8c33-d996ae84769f,normal,,False
aa63aaa3-bad7-41f3-aa06-f8b6f0f98702,normal,,False
8c353795-3d37-4142-9e55-4e7cb80551f4,normal,,False
a55fe7b2-143d-4c7c-b23e-87243c41f857,normal,,False
060e94bc-c5c5-41a4-a234-83a0d4d40bb9,normal,,False
1dcb7d1b-f8f9-4ab7-92f8-67c6e6bfe41a,normal,,False
5fe65747-e2d2-4555-8db9-d93d82ae6767,normal,,False
2390ed8f-10b9-4a4c-9663-a7fb34661369,normal,,False
355623a2-14e0-4304-a9a2-26bd15551fe7,normal,,False
e6f4499b-9fd6-4d94-aff9-0a04d8878138,normal,,False
505f18cc-f409-4a52-9c1c-aac102f6f2c8,normal,,False
a7db23f7-411c-4de2-9d2d-cf92fcfc7c0b,normal,,False
cbd043c9-d5b2-4d90-bd8e-79aafa0d9b0e,normal,,False
24af1e8d-d1b2-4406-a498-af3ee38b40a2,normal,,False
685ea3d1-467a-4d46-9bbe-6080596fe5fb,normal,,False
53a3b558-f7a3-40aa-a765-bdc360f5232f,normal,,False
208723c0-1521-430c-ad61-fee91506b935,normal,,False
9ec09f38-454d-4d0b-827b-0bc93a314855,normal,,False
e714cf4d-243c-4187-b91b-84e0ba5cdc5d,normal,,False
c3a4878a-1ccc-43f6-91cb-22934aaebb16,normal,,False
d68a7df2-e719-496a-891b-5858eb691069,normal,,False
102997a0-a4f6-4855-91be-cb5a920c0a44,normal,,False
f11b35c1-7ef7-40ea-8b06-af40b8475e40,normal,,False
7d1eec76-826c-455d-af0c-e22edf3d810b,normal,,False
1f9f6a6c-db62-4c96-8cc7-dc4904579698,normal,,False
ded87022-bffd-4d1d-983b-878bc09a7a07,normal,,False
420020d8-0840-45b3-a217-d43b928babfb,normal,,False
51db2a98-e337-494e-88c0-d85fc2a4960f,normal,,False
cd40be09-8944-4554-9365-555e9b70304d,normal,,False
13743035-5fac-493f-a149-550dc17da8ae,normal,,False
f5e719c9-11c9-437e-a3d8-fe6cd0076a56,normal,,False
1cfa8005-982c-44e0-a6dd-d533639682c7,normal,,False
607755a3-15f5-48e7-ae49-14c31f474cc8,normal,,False
bcdb8f29-db71-4e1b-9157-25a4bcfa5bda,normal,,False
a3266585-fc21-48cd-9781-37d8b8e470b6,normal,,False
7f74fe90-1368-4a4e-be32-f66606bfd64d,normal,,False
8e424863-54d9-40c0-ace4-6ce367b9f46e,normal,,False
d05ca311-dcb7-493f-aab1-8cedf8f3f877,normal,,False
0a3b4f73-9a54-49cb-9300-6887d19cfaa2,normal,,False
f9c7c202-f001-41c2-8877-6335491ffdf3,normal,,False
a07b5b20-9074-4e40-ab67-2963cebc2010,normal,,False
617a5644-be57-4409-9999-33de946d4c3c,normal,,False
3c2382a5-2885-4f12-8fc6-c8fa65d96d95,normal,,False
f75f59cd-5529-476a-8189-21726c8b1ada,normal,,False
0aad0ab3-53c6-4dfe-ab36-152edcc6e822,normal,,False
0ff121f2-f6cf-45f9-bfc7-872ee8c2b29f,normal,,False
d1516ac1-73fb-4e43-9431-7f515fb1c1ba,normal,,False
8a950972-a3bc-4fb3-9176-602048188478,normal,,False
033d2478-d100-4dd5-90ff-a2202d54f3e0,normal,,False
bcb285b5-51c9-4658-a163-b8c16b16f55d,normal,,False
779ecaab-a0e0-4728-b3a8-5845263281bb,normal,,False
56baaa22-a2e0-48b3-9b19-48d325954d86,normal,,False
46f9f23b-f714-44f3-8984-76a5b1f8ec3e,normal,,False
7b8e0ecf-b674-460c-bce7-3a3881d2af91,normal,,False
c6a36abb-3c5f-4aa9-b1bd-eaa663c06bd2,normal,,False
9db47cd9-0690-4d88-ac0f-f76a1c8217f7,normal,,False
9425b9b5-4bb2-49cb-965a-ea76b7849e48,normal,,False
4a76e209-299a-4e9b-aff2-2c5081f93767,normal,,False
b47fe969-2ab7-45a4-bbfe-b5147b7d0c9d,normal,,False
db49a246-ee3e-4269-93d3-ce8c4365ede9,normal,,False
5d4a6001-9fe9-46ac-9ae9-43d9e8b272a3,normal,,False
29d3d183-7773-4659-bf1d-244b3df64c53,normal,,False
b579cce1-11f4-4ec1-976c-8ee6b3bb71f6,normal,,False
d8ff697f-3407-45e9-a55b-b59801933449,normal,,False
e599082e-d112-488c-a396-5d00fd7b3c47,normal,,False
6ae68bf6-d142-4222-a7ff-e3099d3353bc,normal,,False
b60bee19-d020-482c-98c6-0500960adc02,normal,,False
fdc4d0ce-9c18-4227-b675-84688fe8bef2,normal,,False
41ebafc7-a924-4542-8920-879cb1148dd2,normal,,False
c52c675e-82a8-46df-880d-fd40652e7d5a,normal,,False
a3dbeacb-0cea-45af-a50d-b795f840d02c,normal,,False
0426c4fc-4602-4d1b-8c2a-8205562f37c0,normal,,False
474d00b1-d642-4e68-bf9e-eafb42d3cb6a,normal,,False
b5895198-3aaa-4c74-84b4-1ad032ced773,normal,,False
45fa22ee-9fbe-43b6-9339-36462d3c9707,normal,,False
3465f547-fc5b-45a0-844c-d5bd1ee9b126,normal,,False
48791a78-17db-4548-b252-32527856f8be,normal,,False
a10b01d5-e4fd-4419-b4d6-15e451578244,normal,,False
14a84081-1cf8-4afa-94a4-1a91f3ed9e10,normal,,False
e75c4e8b-e3ac-42af-a062-d61e08532139,normal,,False
27957b39-961a-41bb-8c07-7b80c8cd8f57,normal,,False
f66263df-83f0-41ac-8c93-2919be4ea308,normal,,False
3b8cd060-e594-4878-a32f-f55d1225a3bf,normal,,False
e3ca85dd-28b6-4a65-bc63-5df3feefd63f,normal,,False
991df521-3361-4755-a952-3e3c9ade7624,normal,,False
7a45e35c-2d23-4561-a384-7266fc80efd5,normal,,False
ea07666b-d3b2-477b-8506-a9ba09bf650d,normal,,False
76fa0c6b-840f-4a6b-b585-757eb0deddd3,normal,,False
b80dafda-ded4-4280-a3da-80a25496faab,normal,,False
0a3f4f7a-0685-4b52-a6f4-5abc77c867eb,normal,,False
b3e70fe3-16ab-405d-b03f-5086107ac238,normal,,False
ba3d96cb-3e7d-4092-a8b4-fbcf62c8ece8,normal,,False
796b04fd-caf7-43b7-a93f-d20154873f46,normal,,False
1019f8d0-4d69-434c-96f8-097f1a3cd134,normal,,False
38caffa9-46c9-43d0-8ff7-dfd2675dbd49,normal,,False
4748d42c-1dce-4482-b975-3663574224b7,normal,,False
e1c784e1-496f-4947-9400-ba0d70e3e1d5,normal,,False
e0aa9dfa-b283-470e-83b5-4a8285e6f425,normal,,False
6c5a3ba9-18ab-42f8-a4ea-90a5a1ce061f,normal,,False
9547cd24-4f66-4f2c-b116-45c9a9317efa,normal,,False
6ee5a95b-09c4-4669-bf81-b3004db16193,normal,,False
2085e4d3-7eaf-41fa-95e3-7c66dfbb7bbb,normal,,False
19b2137d-2671-4d0c-a1b3-5c0a7a377b42,normal,,False
36e9bd8b-1805-4805-8f0d-741dffde3305,normal,,False
e6dc0055-14fc-4329-8e6b-b963349452b4,normal,,False
67996305-c806-4610-97ce-60e9500f1e1e,normal,,False
cfaca3e6-62ca-432f-b6c4-145dbf5ed4f3,normal,,False
cd5504f7-d89c-47f0-8ea0-84c203fd2661,normal,,False
96ccc1df-7007-4e09-a628-dc8ee4c3a604,normal,,False
faeba901-d5cf-450f-bbd5-e16e414ab2f9,normal,,False
d777d7c5-e756-44c2-8d0c-c4ec9a9f8fba,normal,,False
be2ee177-a034-46de-80f3-487dc5db9d5c,normal,,False
fc25785d-c41d-477a-a16a-ffa0cd71f3e9,normal,,False
a314e9e8-82be-48a2-870f-726240616c19,normal,,False
cc5414fc-e509-40cc-a81d-a79097108367,normal,,False
4d3ca4fe-959c-475e-9ea9-e4304e73ceb2,normal,,False
eba5ffa5-a01e-47ca-9fec-5873c23cac85,normal,,False
6a18ed67-7aed-4c19-ad5f-d5a08a34d552,legitimate_shared_infra,shared-infra-0000,False
8b1b9215-8dc6-484b-a29a-7a3df928c0dc,legitimate_shared_infra,shared-infra-0000,False
cdfab9ac-615c-4d0b-9ca1-39015466ebe5,legitimate_shared_infra,shared-infra-0000,False
6848d892-a707-4561-8796-e55ba0362522,legitimate_shared_infra,shared-infra-0001,False
15bc7cd3-3dc0-45d2-b0da-54dcca620d63,legitimate_shared_infra,shared-infra-0001,False
a4503890-53ad-4b85-87b5-a466ba0a1a3e,legitimate_shared_infra,shared-infra-0001,False
23c58c4e-1b2f-4f2d-8ca1-1bc7cf0f12c1,legitimate_shared_infra,shared-infra-0001,False
00ce3ad7-70c1-468f-bfea-12236be64bc4,legitimate_shared_infra,shared-infra-0001,False
871e773a-6302-4a33-b1b2-4a17422ced43,legitimate_shared_infra,shared-infra-0002,False
c7c5fe5e-3943-4069-93c6-83cadd2e454f,legitimate_shared_infra,shared-infra-0002,False
40fb7e39-cabb-47c2-b5b4-27b431605b70,legitimate_shared_infra,shared-infra-0003,False
933fff6f-717e-402f-8d61-bc3629a411ae,legitimate_shared_infra,shared-infra-0003,False
c5e8fe4f-99a7-4463-ae67-6eead0df618d,legitimate_shared_infra,shared-infra-0003,False
615890e8-a7b0-489f-963b-2b5daae5d45f,legitimate_shared_infra,shared-infra-0004,False
dded982e-9022-42f1-bd4f-ecec7c980b18,legitimate_shared_infra,shared-infra-0004,False
85b3b0d0-4ece-4bf9-8fde-4064df3c90bc,legitimate_shared_infra,shared-infra-0004,False
b39980c6-d333-4187-8738-b68fe26d273d,legitimate_shared_infra,shared-infra-0004,False
65aff2cb-fd6e-420e-8654-1eafb9865c24,legitimate_shared_infra,shared-infra-0005,False
95d295cc-8a10-4e4b-afdd-20ed871999da,legitimate_shared_infra,shared-infra-0005,False
7f7663ca-0a3e-48fa-b094-fcb04ca8bab5,legitimate_shared_infra,shared-infra-0005,False
2b73f6c6-4e57-4a8c-b552-e402d40303c4,legitimate_shared_infra,shared-infra-0006,False
30d3665c-4c8e-4a80-b30c-ceb57e4d116b,legitimate_shared_infra,shared-infra-0006,False
ce9ba3c7-ea44-413b-b031-831ccd227a63,legitimate_shared_infra,shared-infra-0006,False
cee2cbb7-5751-44a3-a5b7-9d2ab16d82ca,legitimate_shared_infra,shared-infra-0006,False
cb1b66ce-896a-4152-8608-0be67bc59a51,legitimate_shared_infra,shared-infra-0006,False
a528e476-74b4-4e56-8bea-0af4983b0577,legitimate_shared_infra,shared-infra-0007,False
2265f7fd-4023-413b-99b6-fd3da944519a,legitimate_shared_infra,shared-infra-0007,False
d1865abf-1954-45f0-bdc5-e129ac98b06d,legitimate_shared_infra,shared-infra-0007,False
a37abed2-0329-4ed1-a646-409e5ffe48b0,legitimate_shared_infra,shared-infra-0008,False
e7f7bc14-a718-4f90-87b2-f21eab5f43ce,legitimate_shared_infra,shared-infra-0008,False
cce1692f-aa3e-4e92-947e-17e4ef8fbf8e,legitimate_shared_infra,shared-infra-0009,False
7057d854-b6be-4cd0-9a1f-69f5f17e6f6d,legitimate_shared_infra,shared-infra-0009,False
2d7303e0-5f6e-49d3-ad00-281358cd66bd,legitimate_shared_infra,shared-infra-0009,False
a0ec6172-d9d0-4c73-82c9-40adb460a181,legitimate_shared_infra,shared-infra-0009,False
b676c823-490b-4883-af4e-40cc6979666e,legitimate_shared_infra,shared-infra-0010,False
aa1367a4-64ab-4542-8073-3fc9f65a4432,legitimate_shared_infra,shared-infra-0010,False
15c572d7-898b-4f40-9593-77d303849093,legitimate_shared_infra,shared-infra-0010,False
1a71af4f-685a-492d-bbbb-d8c4e0b02dba,legitimate_shared_infra,shared-infra-0010,False
5fbfb496-1b1b-4b34-a0ef-e695529d76b4,legitimate_shared_infra,shared-infra-0010,False
73bb082b-6c6e-4bcb-a8bf-4fd0873de5ac,legitimate_shared_infra,shared-infra-0011,False
a41eb7cf-16cc-42a1-99c7-cc4058e17353,legitimate_shared_infra,shared-infra-0011,False
761a5941-2488-4302-96d1-a606dc419dcb,legitimate_shared_infra,shared-infra-0011,False
9d9622df-d7c3-4b0a-9600-9a8344788bcd,legitimate_shared_infra,shared-infra-0011,False
f7278f4e-a347-40b3-9696-11f12cf9e871,legitimate_shared_infra,shared-infra-0012,False
09deacae-fec2-4f8c-9ccf-816a685001bf,legitimate_shared_infra,shared-infra-0012,False
2da401dd-7c30-4a1c-9a15-3a32264cf607,legitimate_shared_infra,shared-infra-0012,False
d1ea38c0-e583-44a0-b1a2-cf9c2cc41aac,legitimate_shared_infra,shared-infra-0013,False
00b9ac84-f3da-490d-a414-504fb27d7613,legitimate_shared_infra,shared-infra-0013,False
6d038b6e-bdb0-4c58-9d60-5a148ed66588,legitimate_shared_infra,shared-infra-0013,False
6b308825-3fd9-4f5c-bd16-82bf138ed10e,legitimate_shared_infra,shared-infra-0013,False
840adccd-66fc-4323-aabb-2de1612b390b,legitimate_shared_infra,shared-infra-0014,False
e12bc157-5726-417a-8ff4-df8e71229ce5,legitimate_shared_infra,shared-infra-0014,False
588550df-6b80-4d8e-afa5-d1ccbc1cdbe7,legitimate_shared_infra,shared-infra-0015,False
83d4eac6-162d-4934-8296-051891d578c7,legitimate_shared_infra,shared-infra-0015,False
f02f2c17-5b7f-4a09-b177-6284319a703a,legitimate_shared_infra,shared-infra-0016,False
12da90ac-6276-4493-aa55-a981c3ab1640,legitimate_shared_infra,shared-infra-0016,False
4fba311f-ef57-40cb-a38b-908ab9624d60,legitimate_shared_infra,shared-infra-0016,False
84b3e8f9-eb73-44e1-820e-978078f972d7,legitimate_shared_infra,shared-infra-0017,False
270ea0bc-4f79-4998-86a4-68cfb78227c0,legitimate_shared_infra,shared-infra-0017,False
35c8c305-5c84-4097-8cd0-a1c6de2bd7e1,legitimate_shared_infra,shared-infra-0017,False
394bf92c-b597-4015-9180-e4705a9eb0d8,legitimate_shared_infra,shared-infra-0017,False
54599aef-eb38-4e97-b862-af5a9898be87,legitimate_shared_infra,shared-infra-0017,False
97f3881d-88b9-407e-8426-eb9788c336c1,legitimate_shared_infra,shared-infra-0018,False
f104f154-2e2c-43f8-8832-a03ca667e910,legitimate_shared_infra,shared-infra-0018,False
1682a7fd-4ed7-421c-95e4-35e890d5cecd,legitimate_shared_infra,shared-infra-0018,False
55793be6-ad08-4d6c-90fc-2809683ad5fb,legitimate_shared_infra,shared-infra-0019,False
8f04e806-f0c8-4245-aa24-7943bbfd0359,legitimate_shared_infra,shared-infra-0019,False
a3f0215a-8111-4818-ada5-cd50dddf463b,legitimate_shared_infra,shared-infra-0019,False
d8212586-0cc0-43cc-aa13-f66dcd047e6c,legitimate_shared_infra,shared-infra-0019,False
f80fe7d5-43c6-4e81-93e6-3e5e85d58517,legitimate_shared_infra,shared-infra-0020,False
d344c57a-5be4-48a2-b761-d777ea488c78,legitimate_shared_infra,shared-infra-0020,False
8cc14abb-cc39-41e9-bf16-9366c20b3cfc,legitimate_shared_infra,shared-infra-0021,False
32f53a32-62c9-4d32-8f03-52fdc2f51c79,legitimate_shared_infra,shared-infra-0021,False
5038014a-f9f0-4df6-9ab0-fb0f76de81d9,legitimate_shared_infra,shared-infra-0022,False
ebfaefe1-2f6c-4f6e-9db1-59240956ea95,legitimate_shared_infra,shared-infra-0022,False
e57d983d-1103-4d62-8610-4a631eba205e,legitimate_shared_infra,shared-infra-0022,False
0f8b6975-f17e-4376-be8e-a5a6f866a2b9,legitimate_shared_infra,shared-infra-0022,False
accf2623-4c5c-4fab-b628-d7b6ba6bb4cc,legitimate_shared_infra,shared-infra-0023,False
be3967a8-1998-48ef-9df2-d32a3f65aabf,legitimate_shared_infra,shared-infra-0023,False
67d5b329-1a24-4443-8931-cd37f340175b,legitimate_shared_infra,shared-infra-0023,False
aadcb66a-71ae-46ef-9ba6-b5b3374ec0c9,legitimate_shared_infra,shared-infra-0023,False
3e42ae6b-bea5-429d-b7bf-b10281dc4e26,legitimate_shared_infra,shared-infra-0023,False
43d71404-e0b9-4d08-aee5-18cb7f4536ac,legitimate_shared_infra,shared-infra-0024,False
fdbae580-9204-46c4-9909-e9feb18166d0,legitimate_shared_infra,shared-infra-0024,False
9d49db0f-edcc-40bf-be67-06e47255d67a,legitimate_shared_infra,shared-infra-0025,False
b33c72ec-c00c-479a-9e03-58b053c74d2f,legitimate_shared_infra,shared-infra-0025,False
c4291665-6664-44cd-b05e-0980907bd177,legitimate_shared_infra,shared-infra-0025,False
218769ea-a674-4cc5-aee9-1d7c598ffefc,legitimate_shared_infra,shared-infra-0026,False
5fd7fcee-4181-424a-9588-3c066644a312,legitimate_shared_infra,shared-infra-0026,False
ef37c7cf-d943-4887-83be-72188b931464,legitimate_shared_infra,shared-infra-0027,False
cc9bd107-3494-4248-9d3d-802852bd37cf,legitimate_shared_infra,shared-infra-0027,False
9407a140-124f-4c58-b981-7ae63dc2c555,legitimate_shared_infra,shared-infra-0027,False
2edd7d8b-2764-45a4-8b93-90b15057fee6,legitimate_shared_infra,shared-infra-0028,False
8abbc267-67e7-4a27-934a-0c9590823bf3,legitimate_shared_infra,shared-infra-0028,False
f00224c1-899a-4459-b3f1-5699ffe8f162,legitimate_shared_infra,shared-infra-0028,False
eebb9369-c465-4601-97ba-bb58dd3046ca,legitimate_shared_infra,shared-infra-0029,False
8365f183-a123-4092-86ca-2f8c7cb561ed,legitimate_shared_infra,shared-infra-0029,False
cf72adaa-810f-45cb-8957-134e5af7ebd5,legitimate_shared_infra,shared-infra-0029,False
56a4a059-5e34-4d02-baf2-7c2214a49c46,legitimate_shared_infra,shared-infra-0030,False
153d55c0-8311-40da-821f-8d204ef4c8ba,legitimate_shared_infra,shared-infra-0030,False
7d288563-a4a4-4851-bc19-c1ddeb608c81,legitimate_shared_infra,shared-infra-0030,False
49c399db-4766-4945-b5ed-a9494a302f47,legitimate_shared_infra,shared-infra-0031,False
af25101a-d9cb-48c0-ba53-3b0c67271f29,legitimate_shared_infra,shared-infra-0031,False
323233c7-887f-4e09-aeee-515c74021694,legitimate_shared_infra,shared-infra-0031,False
d6bd9633-3c54-4258-b325-c9bd4409bdd8,legitimate_shared_infra,shared-infra-0031,False
7219e244-7b3c-4492-9e5d-a199a667b7bc,legitimate_shared_infra,shared-infra-0031,False
d8ac9035-e787-42d4-ba5a-b2ade68207c6,legitimate_shared_infra,shared-infra-0032,False
6d7afd0f-9925-41e1-9f34-554b895d0bb4,legitimate_shared_infra,shared-infra-0032,False
907cfa40-ba38-4b1e-955c-2858001f2c2e,legitimate_shared_infra,shared-infra-0032,False
5a7dec95-a764-4ca9-9c22-f98da21675e1,legitimate_shared_infra,shared-infra-0032,False
03b5a2ca-a085-4f42-b5f8-9cc53aac2a09,legitimate_shared_infra,shared-infra-0033,False
3757c2a2-c9f8-417e-9d5c-684dcacca91f,legitimate_shared_infra,shared-infra-0033,False
748f189a-8c33-4f09-b094-443533a039a0,legitimate_shared_infra,shared-infra-0033,False
a7ba16b3-455b-42ef-bd00-88295f76f804,legitimate_shared_infra,shared-infra-0033,False
632c6feb-42c2-4a1a-88df-635cb59e7b9f,legitimate_shared_infra,shared-infra-0033,False
0cb9866b-59b8-485c-8337-bd4426348aad,legitimate_shared_infra,shared-infra-0034,False
66179a95-cdef-4783-920c-32cf8213efc5,legitimate_shared_infra,shared-infra-0034,False
a4af5db3-3128-44ef-b2d9-7255fd05778a,legitimate_shared_infra,shared-infra-0035,False
83b6a5cb-2767-4ab3-887a-b3681651c20d,legitimate_shared_infra,shared-infra-0035,False
fd4e9f1b-f1d6-4ff9-aa99-878420a7b31d,legitimate_shared_infra,shared-infra-0035,False
2197338e-b3b1-430a-a5f2-2f14e977e703,legitimate_shared_infra,shared-infra-0035,False
3016da9c-b9c1-4ac9-9056-ec6668e419c6,legitimate_shared_infra,shared-infra-0035,False
59c6ac86-baaf-48c1-b99a-240ef6313629,legitimate_shared_infra,shared-infra-0036,False
11ae85c0-fb47-461d-8063-3b0de321af6f,legitimate_shared_infra,shared-infra-0036,False
4837ab35-0b23-4edb-918e-1b78b4d097fe,legitimate_shared_infra,shared-infra-0036,False
e4098e04-8208-4f11-9f97-add4b9583fd3,legitimate_shared_infra,shared-infra-0036,False
e508d52e-bc50-4ffd-8c52-118c08930db2,legitimate_shared_infra,shared-infra-0036,False
0a648fd2-b76c-4c74-950f-c2a751048caf,legitimate_shared_infra,shared-infra-0037,False
aa2bc109-04be-4d3d-bf52-e21eab9805b3,legitimate_shared_infra,shared-infra-0037,False
d6c4e069-7346-4288-84d7-8d406651df94,legitimate_shared_infra,shared-infra-0037,False
789792b0-499d-49da-8879-5534475bc687,legitimate_shared_infra,shared-infra-0037,False
aa04494a-2b10-4119-b78b-e0c775ca7b02,legitimate_shared_infra,shared-infra-0038,False
9bba15c8-17f0-4407-9892-4571a9b9fbc8,legitimate_shared_infra,shared-infra-0038,False
5d2c8974-1bc3-4af7-8c4a-9f1b939b04cb,legitimate_shared_infra,shared-infra-0039,False
78281f19-7d41-4103-b171-7acec4797a25,legitimate_shared_infra,shared-infra-0039,False
08295b05-47e6-4111-bb7d-5cf2237165b4,legitimate_shared_infra,shared-infra-0039,False
78b00a68-71c3-432e-86b9-26e019b367a2,legitimate_shared_infra,shared-infra-0039,False
7ae29cee-6081-4e31-bf6d-67d708d45ffe,legitimate_shared_infra,shared-infra-0040,False
a0968555-983b-4200-b86d-7857513eef23,legitimate_shared_infra,shared-infra-0040,False
a2670383-5ec0-4629-9001-574968b3ec73,legitimate_shared_infra,shared-infra-0040,False
13cb81a3-feba-4095-8a23-48dee617207b,legitimate_shared_infra,shared-infra-0040,False
92a0ddb6-b6b1-43f5-8dcb-7680ff84a938,legitimate_shared_infra,shared-infra-0040,False
5048d002-66a4-4e53-857a-910e3ba460fd,legitimate_shared_infra,shared-infra-0041,False
6bc3e988-7845-4755-bae2-b1342ffc8b26,legitimate_shared_infra,shared-infra-0041,False
4d099751-9b2e-421e-849d-a41e4ed09734,legitimate_shared_infra,shared-infra-0041,False
1d7807de-94bc-4f6d-b621-86183b00618e,legitimate_shared_infra,shared-infra-0042,False
98bd8163-f900-46b8-b458-46802737bd15,legitimate_shared_infra,shared-infra-0042,False
55ba8781-50c6-4669-84cb-012e85101cde,legitimate_shared_infra,shared-infra-0043,False
981d3ae8-3560-4832-81bc-b9282a5edef8,legitimate_shared_infra,shared-infra-0043,False
1ec7d8bb-d4a9-43a3-ac53-8004336607c8,legitimate_shared_infra,shared-infra-0043,False
c164d228-0d24-447f-b01f-fe85cdd64199,legitimate_shared_infra,shared-infra-0044,False
d552d3cd-3f9f-4a26-acf2-ff832f66eb04,legitimate_shared_infra,shared-infra-0044,False
b395cc58-9d79-4ab9-800c-d14101fff5d8,legitimate_shared_infra,shared-infra-0044,False
3583770d-e6de-4931-871c-2bdcdf8f5992,legitimate_shared_infra,shared-infra-0044,False
c82e80bf-d074-41a5-9588-bc50ebaa6db8,legitimate_shared_infra,shared-infra-0045,False
c0e60996-d4aa-4ffe-8ed1-c576dc551394,legitimate_shared_infra,shared-infra-0045,False
85ffc105-9d1b-4c32-81b1-25cc0a8ecb4b,legitimate_shared_infra,shared-infra-0045,False
1b26591c-bb5f-43a4-a22d-0e6da1166dc1,legitimate_shared_infra,shared-infra-0045,False
b9544924-1ab8-42c1-8c3b-6b57ef4e1071,legitimate_shared_infra,shared-infra-0046,False
589b88f9-50d4-4888-82ef-3ce7d0ef24e8,legitimate_shared_infra,shared-infra-0046,False
fecd7625-cc9c-4bce-bed6-82112be94e4d,legitimate_shared_infra,shared-infra-0046,False
c85a088f-ff27-4b35-9905-daac16473804,legitimate_shared_infra,shared-infra-0047,False
86ba6f97-0bc1-4df1-9f05-1841e12b7e9d,legitimate_shared_infra,shared-infra-0047,False
834173e3-6c3f-46b0-9fb2-98f5cf186331,legitimate_shared_infra,shared-infra-0047,False
54687511-b4d2-4c94-84c9-14969ea78fc4,legitimate_shared_infra,shared-infra-0047,False
99877703-bc4b-465e-88cb-77701cdf451c,legitimate_shared_infra,shared-infra-0047,False
90af0eb3-c68b-4f2c-82c8-5114c092856d,legitimate_shared_infra,shared-infra-0048,False
ac7e6147-16fa-4243-b58b-91a35c6fc311,legitimate_shared_infra,shared-infra-0048,False
4c23f081-83e1-4731-a1c7-e301c437576b,legitimate_shared_infra,shared-infra-0048,False
ada057af-51df-4857-b34b-4d05172b1346,legitimate_shared_infra,shared-infra-0048,False
5b256de2-cc31-4c21-ad41-35b7e5a168bb,legitimate_shared_infra,shared-infra-0049,False
518ad089-420a-4048-a748-fd0c6c8e6d55,legitimate_shared_infra,shared-infra-0049,False
ae2163a8-4626-4e60-8ce0-93154dcfe2a6,legitimate_shared_infra,shared-infra-0049,False
b68bdadc-767c-4085-967f-4a3a3218613a,legitimate_shared_infra,shared-infra-0049,False
d7e46e2d-e904-42e6-9879-e94c3c548613,legitimate_shared_infra,shared-infra-0049,False
1389d69d-f4f5-4869-b1d7-e78034c5cb17,legitimate_shared_infra,shared-infra-0050,False
e0ed829d-650d-4550-9e6d-21e647902ca5,legitimate_shared_infra,shared-infra-0050,False
ccf2a50d-463f-464a-8f5f-e393995c87ac,legitimate_shared_infra,shared-infra-0050,False
f610aa02-c439-4398-a21a-fb35d5e862f9,legitimate_shared_infra,shared-infra-0051,False
e1a52855-3e04-4fb5-8e6e-4192fc0d8e05,legitimate_shared_infra,shared-infra-0051,False
1fdd2c9f-c18a-4b6d-8048-cb271822b3e9,legitimate_shared_infra,shared-infra-0052,False
6b0474f1-a4f6-4f51-aa0f-b7aee05c357d,legitimate_shared_infra,shared-infra-0052,False
0f086979-b49a-42f7-8680-9bfab6c85b86,legitimate_shared_infra,shared-infra-0052,False
f9c3e274-d024-4445-9d3d-0a4b76d87106,legitimate_shared_infra,shared-infra-0052,False
82880ab2-37ba-41c9-bfbb-577292fb82bc,legitimate_shared_infra,shared-infra-0052,False
60bf19c0-a32f-43b8-b85e-0a9b9cfe90db,legitimate_shared_infra,shared-infra-0053,False
1dbdd862-2123-4fd4-9e56-1fe7bca4822b,legitimate_shared_infra,shared-infra-0053,False
5b2d7cab-6304-4475-8d51-8b11a9ef6aa2,legitimate_shared_infra,shared-infra-0053,False
fe5dc495-ee60-4ea3-b252-b9c71afa27fc,legitimate_shared_infra,shared-infra-0053,False
2840c2b4-3911-4f98-aea7-986e741b65ec,legitimate_shared_infra,shared-infra-0054,False
c5b47311-b0bc-405f-9956-95d4ab03e903,legitimate_shared_infra,shared-infra-0054,False
7f5405b4-67c4-4c01-8153-03c54c830cae,legitimate_shared_infra,shared-infra-0055,False
4389289e-5e17-4817-a1b4-2530b4a8582e,legitimate_shared_infra,shared-infra-0055,False
1b331388-b97e-46e6-ac1f-a4df4394af7b,legitimate_shared_infra,shared-infra-0056,False
163c6254-fc85-4c92-b514-d948592fe9a1,legitimate_shared_infra,shared-infra-0056,False
a52a1b31-0570-4672-863f-a9adb0ccd065,legitimate_shared_infra,shared-infra-0056,False
c808e4b7-cd4a-40f4-a6bd-53cefc893664,legitimate_shared_infra,shared-infra-0057,False
afe1b73d-c8b6-4566-8fa7-b06ae2e6ba55,legitimate_shared_infra,shared-infra-0057,False
c1a531ac-8cea-4c21-bd73-5007143086b0,legitimate_shared_infra,shared-infra-0057,False
ec54dd8f-94f3-4b41-b53b-0ded0e7c6853,legitimate_shared_infra,shared-infra-0057,False
e3eda3eb-0031-4d4b-b484-d2350ad85940,legitimate_shared_infra,shared-infra-0057,False
cce3f8ab-6735-4071-a7c4-d1987a142d30,legitimate_shared_infra,shared-infra-0058,False
2268b932-aece-4817-b16f-82fad0e435af,legitimate_shared_infra,shared-infra-0058,False
f8235f8e-e451-4a4e-936e-bf51c677b646,legitimate_shared_infra,shared-infra-0058,False
d0474fed-c6c7-4e05-94eb-e3fc9942058e,legitimate_shared_infra,shared-infra-0058,False
379e4d91-6764-4ccb-af0f-ebfcc4757445,legitimate_shared_infra,shared-infra-0058,False
97ad73b9-f8f1-46d2-b3c2-b34a07f80ca0,legitimate_shared_infra,shared-infra-0059,False
cf1fcf89-1c89-4715-b129-feb9ff7a711a,legitimate_shared_infra,shared-infra-0059,False
2b347ec3-6e3a-446e-bcac-b7247e8459d0,legitimate_shared_infra,shared-infra-0060,False
459d304e-0c47-44da-9779-5e4d6e00d6f7,legitimate_shared_infra,shared-infra-0060,False
c18bc2b7-f300-4f94-8349-185ef4276043,legitimate_shared_infra,shared-infra-0061,False
c6ecb8da-761d-4c17-a955-ddb5ef89c45d,legitimate_shared_infra,shared-infra-0061,False
65f3411c-a490-4ac6-82af-4c80d0f78885,legitimate_shared_infra,shared-infra-0062,False
f494b869-30b2-4b82-8d58-a476fb9b1a5c,legitimate_shared_infra,shared-infra-0062,False
605e469d-bec7-4d60-99a5-272521f1a7da,legitimate_shared_infra,shared-infra-0063,False
dd28df04-3498-41c4-984c-6f654c99d3b8,legitimate_shared_infra,shared-infra-0063,False
81b655e6-6d85-44a4-a42a-44d2f953a7ba,legitimate_shared_infra,shared-infra-0064,False
feec235b-34b5-4b79-bdae-ea3fc528019a,legitimate_shared_infra,shared-infra-0064,False
c4d3a0e6-73a8-4717-a023-8bad710f7b42,legitimate_shared_infra,shared-infra-0065,False
4fe525e0-34ec-4b6a-a50f-b0f9510ed882,legitimate_shared_infra,shared-infra-0065,False
ef28a338-8838-4251-8a88-017da1ebafee,legitimate_shared_infra,shared-infra-0066,False
29744082-15f5-4afd-9f32-40a274722dae,legitimate_shared_infra,shared-infra-0066,False
f0f4e4ec-02ea-4dae-996e-afe2a30f9098,legitimate_shared_infra,shared-infra-0066,False
f710f289-5ef1-432a-a784-869610b3d712,legitimate_shared_infra,shared-infra-0066,False
e558ca84-f3bc-4bf0-a873-a3318f394d8e,legitimate_shared_infra,shared-infra-0066,False
9276a6e8-091b-4e09-bd06-a1e30da09c38,legitimate_shared_infra,shared-infra-0067,False
79ba33c4-aeb5-4dc8-b53b-f540bcad8803,legitimate_shared_infra,shared-infra-0067,False
6301bff6-9471-451a-a70a-b49f427a66f5,legitimate_shared_infra,shared-infra-0067,False
e30bb84b-3c20-49f3-ab73-41f32f043762,legitimate_shared_infra,shared-infra-0067,False
548ade49-cd8f-4763-96fc-030b61330ef5,legitimate_shared_infra,shared-infra-0067,False
32dd72fe-619b-46e2-9116-ccd1e2757d81,legitimate_shared_infra,shared-infra-0068,False
cec14453-f660-4a8b-8809-f11be86538f2,legitimate_shared_infra,shared-infra-0068,False
af866164-ad3c-4cda-8a90-a04d8381db52,legitimate_shared_infra,shared-infra-0068,False
fac6571b-6329-4c3f-bff9-9254c00cae43,legitimate_shared_infra,shared-infra-0068,False
c3409f1e-adb1-441e-a4ab-39d2bc790a0c,legitimate_shared_infra,shared-infra-0068,False
9a529fd4-f8d1-4961-aa49-800a630a5148,legitimate_shared_infra,shared-infra-0069,False
1dad017b-c3ac-43e6-b850-0e81974cb17e,legitimate_shared_infra,shared-infra-0069,False
3cf0821d-931d-4494-9acf-9d53c8d4f62d,legitimate_shared_infra,shared-infra-0069,False
4a0f86bd-a16d-4775-9092-fa2db1e8f8e2,legitimate_shared_infra,shared-infra-0069,False
70a98927-c433-4d87-a9b8-2fb5675be201,legitimate_shared_infra,shared-infra-0070,False
5948d26d-d415-4aba-a363-b753a48b3fb8,legitimate_shared_infra,shared-infra-0070,False
8ce80f3b-a1ab-4d0d-b0f7-3b2628316288,legitimate_shared_infra,shared-infra-0070,False
8c0a4f64-d63b-4ee4-bf8e-89a71c02e211,legitimate_shared_infra,shared-infra-0070,False
ed15439b-58d3-4803-ba36-c50b87e5870f,legitimate_shared_infra,shared-infra-0071,False
72757710-7428-47d7-9747-4785f6398b6a,legitimate_shared_infra,shared-infra-0071,False
2b8a100e-a22a-42ce-90e1-f420e9651f52,legitimate_shared_infra,shared-infra-0071,False
a852ff5e-fb26-499f-a4c1-0b09c856eacc,legitimate_shared_infra,shared-infra-0072,False
7922bc77-158a-445b-9539-7f9621677e40,legitimate_shared_infra,shared-infra-0072,False
c546cf5b-1d2f-4e8a-a740-e48ed26addc2,legitimate_shared_infra,shared-infra-0072,False
05b7b613-2426-444e-aef0-0ede4e85d08b,legitimate_shared_infra,shared-infra-0072,False
b9bb79c7-4cf3-4341-901a-3ec43cd9d1d6,coordinated_abuse,abuse-ring-0000,True
7897f3e6-9f58-4155-925b-69ea7b0faaa0,coordinated_abuse,abuse-ring-0000,True
98f7a8c0-fa52-4aa0-87fe-45a9e8175359,coordinated_abuse,abuse-ring-0000,True
7580a226-aed0-4ea0-bc26-de6581929d83,coordinated_abuse,abuse-ring-0000,True
dba39e93-0514-47d3-ba8f-635696a40fda,coordinated_abuse,abuse-ring-0001,True
db561a11-4736-4fb9-aa7c-21a1333bc555,coordinated_abuse,abuse-ring-0001,True
51ce2fc5-6520-48cd-ac7a-5581ff4b3e44,coordinated_abuse,abuse-ring-0001,True
e7ae8191-0cb0-46bf-9f91-347710a72e0f,coordinated_abuse,abuse-ring-0001,True
71445e0e-f935-4354-9ddd-cac5d95b4952,coordinated_abuse,abuse-ring-0001,True
61b0cd64-8d82-41fb-bde9-645e41abea33,coordinated_abuse,abuse-ring-0002,True
1f7d6235-573a-4311-9ea7-a0caf2e971a1,coordinated_abuse,abuse-ring-0002,True
43f19712-5293-4eeb-b279-dfd95a6bd822,coordinated_abuse,abuse-ring-0002,True
0ebb94e4-a06c-401a-925e-1e4fbecf3096,coordinated_abuse,abuse-ring-0003,True
bbe7a932-1db3-4bba-b299-d2a362da8a05,coordinated_abuse,abuse-ring-0003,True
99e536d7-d311-4bb6-9575-980fc5203635,coordinated_abuse,abuse-ring-0003,True
18f52637-a6d4-4b7b-8c5f-3156d33634ef,coordinated_abuse,abuse-ring-0003,True
90ce3f39-7fc2-40b7-bf03-31fed174f61a,coordinated_abuse,abuse-ring-0003,True
30a95152-83b2-4038-9c3e-aa228779acf6,coordinated_abuse,abuse-ring-0004,True
fd46d723-d7ba-466a-a312-d6d4938a3410,coordinated_abuse,abuse-ring-0004,True
0dc32a8d-6b9c-47db-af4c-124e18eafde7,coordinated_abuse,abuse-ring-0004,True
d2382c66-b1b1-422b-a388-eed5c65237f7,coordinated_abuse,abuse-ring-0004,True
c98bee4e-01c1-4d81-b39d-eaf7145be963,coordinated_abuse,abuse-ring-0004,True
68d82f65-d0df-4899-a67b-3ca4c4c6f67a,coordinated_abuse,abuse-ring-0004,True
15fc3925-743f-4e7f-8840-8ce2c3b581de,coordinated_abuse,abuse-ring-0004,True
5bf27a11-da5f-409a-a3f5-e5bbfde80883,coordinated_abuse,abuse-ring-0005,True
7cd2ae8a-96b0-4019-b7c2-8e0612030443,coordinated_abuse,abuse-ring-0005,True
1eb5908b-73e1-478b-a507-6f1250b3a6f8,coordinated_abuse,abuse-ring-0005,True
3e4561db-211d-476e-a933-f60764881d53,coordinated_abuse,abuse-ring-0005,True
16758034-c5f0-4d5f-a84b-08ccf45195ef,coordinated_abuse,abuse-ring-0006,True
8d3b689e-11d0-4385-bed7-a9788641f172,coordinated_abuse,abuse-ring-0006,True
2d8c2c18-802f-4c57-b1a2-e599ac5dd4f8,coordinated_abuse,abuse-ring-0006,True
acc28d74-2914-4f72-b0fb-a122fb77b5f5,coordinated_abuse,abuse-ring-0006,True
530a6967-2086-4d1b-9378-71af7f7e8e28,coordinated_abuse,abuse-ring-0006,True
dfe904ef-5485-47fb-88c8-2f5a0a1275b2,coordinated_abuse,abuse-ring-0006,True
47f3e9ad-3f2d-4d1e-8162-00e6321fe5bd,coordinated_abuse,abuse-ring-0006,True
f195e9b0-6c70-4c86-aae9-afc86bb6ae1c,coordinated_abuse,abuse-ring-0007,True
2a89e53d-5973-42b7-bb44-a41374861223,coordinated_abuse,abuse-ring-0007,True
76c59932-5389-46fc-a61e-278b1644f2c4,coordinated_abuse,abuse-ring-0007,True
0cd66870-9af4-4175-aa33-0740b42eab28,coordinated_abuse,abuse-ring-0008,True
99d5c808-beca-44c2-be85-f6130a0c03f9,coordinated_abuse,abuse-ring-0008,True
dd365fd0-918b-45f5-ad07-88804c0bfafb,coordinated_abuse,abuse-ring-0008,True
43cbcdc4-9a6f-4aaa-8722-aa7fac1c07d9,coordinated_abuse,abuse-ring-0008,True
6cf5e8cb-3bea-45e5-a68a-4c43d2a0c65e,coordinated_abuse,abuse-ring-0008,True
082d1945-c5c6-4a99-9a05-12240e61ebe7,coordinated_abuse,abuse-ring-0008,True
7e70f663-21be-48bd-8003-ef660d497c6a,coordinated_abuse,abuse-ring-0009,True
3ee3336c-159e-4917-ab93-095b29deb9a4,coordinated_abuse,abuse-ring-0009,True
4e74505a-68aa-4d36-96b1-fb113ffe8d5b,coordinated_abuse,abuse-ring-0009,True
e406bb95-8980-419e-b084-d0984b716e6c,coordinated_abuse,abuse-ring-0009,True
bc665634-34b7-45f1-8243-c272c134a5a0,coordinated_abuse,abuse-ring-0009,True
14fc7984-8e90-46ff-b24a-0c69d5f5534f,coordinated_abuse,abuse-ring-0010,True
28eca8b7-f099-4bcc-b25e-2548bf7e247c,coordinated_abuse,abuse-ring-0010,True
dc5b6134-7190-4fd8-a7a2-6a8f9835a6b0,coordinated_abuse,abuse-ring-0010,True
f65b7bf8-f515-465d-9c10-127ea0d506b5,coordinated_abuse,abuse-ring-0010,True
16c79eed-a45e-4fca-8656-19c1d7ca9101,coordinated_abuse,abuse-ring-0010,True
f91a22dd-f67e-471b-85a3-0c9d4c90f03e,coordinated_abuse,abuse-ring-0010,True
a4ed580e-a38b-4b07-b677-489ec3a2e17f,coordinated_abuse,abuse-ring-0010,True
f6211ae7-420d-418a-8af4-adf5f043d806,coordinated_abuse,abuse-ring-0011,True
6a699777-e8f3-4d9e-b6b2-6e9abd02b4ba,coordinated_abuse,abuse-ring-0011,True
9241ddcc-b547-4622-ac60-73bdc98dbe53,coordinated_abuse,abuse-ring-0011,True
5d4e731f-fc2d-43fc-9225-9fd4e6cab696,coordinated_abuse,abuse-ring-0011,True
f66c5224-f1b0-418d-ad7a-8aac64df7c75,coordinated_abuse,abuse-ring-0011,True
1066b979-7984-4e1e-879d-eb8e23bbd884,coordinated_abuse,abuse-ring-0011,True
3667fc3c-eb92-4887-9e8a-79db0431ff80,coordinated_abuse,abuse-ring-0012,True
0170aa77-959b-4d56-9fc0-b5580d7ebc90,coordinated_abuse,abuse-ring-0012,True
2d66840f-9bf2-4bab-8ff4-eab9019c41bf,coordinated_abuse,abuse-ring-0012,True
265a9dc2-2364-47ba-9101-c253b8f891c2,coordinated_abuse,abuse-ring-0012,True
f0b04c47-0749-4e9e-814b-977cb1a9076f,coordinated_abuse,abuse-ring-0012,True
dbd6e583-52e3-4132-9cbe-f53c5d7f0b3b,coordinated_abuse,abuse-ring-0013,True
69f9a32d-00ec-405c-ae43-c3810c91942b,coordinated_abuse,abuse-ring-0013,True
74dd4aa3-04d4-40a0-aadd-58276cfcf652,coordinated_abuse,abuse-ring-0013,True
ff1ba4d3-5099-4c70-90ca-0c404bf8feed,coordinated_abuse,abuse-ring-0013,True
50cadf2c-481d-48e2-ae72-b1cc9803539f,coordinated_abuse,abuse-ring-0013,True
83668e9a-39e1-4e70-a129-23e5dee4ee15,coordinated_abuse,abuse-ring-0013,True
70b2d816-d0ae-421b-9a6a-779443c88da7,coordinated_abuse,abuse-ring-0013,True
81386cfb-43aa-429a-b1da-1ee14f74266b,coordinated_abuse,abuse-ring-0013,True
50462561-9c1a-4a12-9acb-a80d5b2d59b0,coordinated_abuse,abuse-ring-0014,True
cda91ef0-5aa1-402f-9ba4-b730cf2d000c,coordinated_abuse,abuse-ring-0014,True
f8c5b268-f730-4673-9dcc-e25c7e3e491f,coordinated_abuse,abuse-ring-0014,True
bab08031-ede5-4fbd-af15-d102e2fc4969,coordinated_abuse,abuse-ring-0014,True
f9e1d5f8-4259-4545-90c0-dea6c9a6eea3,coordinated_abuse,abuse-ring-0014,True
6116e774-4aaa-41db-b764-f959bf5c82b7,coordinated_abuse,abuse-ring-0015,True
56c24d71-121c-4c2c-b332-80144a39d9a3,coordinated_abuse,abuse-ring-0015,True
15950158-521c-4a90-adfd-9984d2ff383c,coordinated_abuse,abuse-ring-0015,True
3f7638a4-6611-4e49-9574-afabb10b7510,coordinated_abuse,abuse-ring-0015,True
f0eb535b-c6f2-41b4-82f6-09c0552eafdd,coordinated_abuse,abuse-ring-0015,True
245cf0d0-332a-41a5-b6da-ca7b9ba7826e,coordinated_abuse,abuse-ring-0015,True
e7f4ef40-4a99-4d6f-ae4a-37cee09c477e,coordinated_abuse,abuse-ring-0016,True
21b9460f-6a2b-425e-ad53-da35b8215349,coordinated_abuse,abuse-ring-0016,True
2ca4dbe3-2697-4459-9730-f37d35e17f43,coordinated_abuse,abuse-ring-0016,True
2ede5769-27f0-4d38-8dfe-bb86fd628dab,coordinated_abuse,abuse-ring-0016,True
a7ce7377-aab7-430e-912a-e5b3e3575e7f,coordinated_abuse,abuse-ring-0016,True
4a85fc8f-d7f3-4980-a907-7517ccc51c9d,coordinated_abuse,abuse-ring-0016,True
27156878-5433-403a-8dc6-3440e28c0d21,coordinated_abuse,abuse-ring-0016,True
966cd21b-b214-4d11-befd-62829a6e3eda,coordinated_abuse,abuse-ring-0017,True
1143c78a-80fa-48d1-bccd-1401301be918,coordinated_abuse,abuse-ring-0017,True
a4eef01b-3814-462a-b210-6a19df91c206,coordinated_abuse,abuse-ring-0017,True
619618a0-6abf-4935-9fa0-cde4fc0512ad,coordinated_abuse,abuse-ring-0017,True
56e2994b-7d54-48e8-b33b-b89a7baa13cd,coordinated_abuse,abuse-ring-0018,True
b2dd2d12-2c75-4243-931b-c406f2125112,coordinated_abuse,abuse-ring-0018,True
f40e566d-04fa-4129-b108-cf3fa1bec7bc,coordinated_abuse,abuse-ring-0018,True
83176612-fd01-4093-a49f-e9732348a8b1,coordinated_abuse,abuse-ring-0018,True
087df1bf-f732-451a-8d71-c546beb3dc44,coordinated_abuse,abuse-ring-0018,True
92525cce-3634-4a69-960c-de5b4b6b67ca,coordinated_abuse,abuse-ring-0019,True
4ac16f4d-6d2a-4148-9f26-03fa3e3f6d85,coordinated_abuse,abuse-ring-0019,True
d7ed5905-434c-42b0-a978-bef5c182d959,coordinated_abuse,abuse-ring-0019,True
a0bd8783-d8c0-46ac-9fd1-0067afa2f430,coordinated_abuse,abuse-ring-0019,True
57886628-cbeb-4f83-a60d-c7161123ebff,coordinated_abuse,abuse-ring-0019,True
d30082bf-152c-49a3-82c8-6fb1f1f1fd0e,coordinated_abuse,abuse-ring-0019,True
0d3e9d21-40f1-4e0f-841a-17a755b6a429,coordinated_abuse,abuse-ring-0019,True
2ae06e3f-54ae-47da-bce3-3ef1508087e8,coordinated_abuse,abuse-ring-0019,True
360bd3ab-6480-4adf-b34a-f34a78f73b8f,coordinated_abuse,abuse-ring-0020,True
cfda703a-76f6-4d43-8df6-88bcea8fbf09,coordinated_abuse,abuse-ring-0020,True
b13a8117-c339-471a-80d6-469f7b696252,coordinated_abuse,abuse-ring-0020,True
6c0bc3df-93d3-4c90-b750-f77eeb8bf30d,coordinated_abuse,abuse-ring-0020,True
f68c5a23-418f-4230-8652-8e2c063a7df1,coordinated_abuse,abuse-ring-0020,True
f1072328-8415-49bb-9f7e-aaacf513e3f3,coordinated_abuse,abuse-ring-0020,True
5ae04f30-6811-421f-8fd1-cbf6fc723b51,coordinated_abuse,abuse-ring-0020,True
67b8639d-685e-49e2-975c-a670b5e596bd,coordinated_abuse,abuse-ring-0020,True
6cb84e7b-f820-4bbe-95db-b5175c5b7239,coordinated_abuse,abuse-ring-0021,True
6dc3d54b-c62b-4962-b82f-a04c2a0149f3,coordinated_abuse,abuse-ring-0021,True
5b8999d6-87b7-45d3-8335-556c32e8001e,coordinated_abuse,abuse-ring-0021,True
1bcad42d-aed3-4b47-afc8-a9185cef864b,coordinated_abuse,abuse-ring-0021,True
f47749d7-b0c7-4fc2-9fee-cead51e3f5e2,coordinated_abuse,abuse-ring-0021,True
6806b08c-c796-4f73-98d7-0c52ff96e613,coordinated_abuse,abuse-ring-0022,True
247dc4d4-736f-4de8-8a68-3411f09659e3,coordinated_abuse,abuse-ring-0022,True
be93be22-9a33-459f-a6fc-3ce30606f4e0,coordinated_abuse,abuse-ring-0022,True
d417fa07-989c-463e-9e6a-6f9b5cceeb90,coordinated_abuse,abuse-ring-0022,True
240eb0ea-5b46-4806-a106-2d01edf22a5c,coordinated_abuse,abuse-ring-0023,True
25a40bc0-80ee-4296-a11b-f6ce0a5e4239,coordinated_abuse,abuse-ring-0023,True
5613f0c7-5b7a-4e9e-8c0e-8cab8f19abf7,coordinated_abuse,abuse-ring-0023,True
79477ea3-15e2-4c4f-b17a-4cc928553c01,coordinated_abuse,abuse-ring-0023,True
b37b7c3c-818f-4e40-84dc-6bbef609763b,coordinated_abuse,abuse-ring-0023,True
5284c310-f07a-4824-9a30-ff47a194acb9,coordinated_abuse,abuse-ring-0023,True
eb0b7888-8f1a-4d46-9be9-5aa8ee5eb550,coordinated_abuse,abuse-ring-0023,True
529de30b-a50e-4b25-ba8b-fa9d61183c64,coordinated_abuse,abuse-ring-0024,True
a3d9ae29-8127-45fc-b8bb-0eb30c2148ee,coordinated_abuse,abuse-ring-0024,True
cb3cd748-21d3-456b-83d2-105758eade24,coordinated_abuse,abuse-ring-0024,True
08b62424-4600-4479-a68f-f63e94eb9f17,coordinated_abuse,abuse-ring-0024,True
3426dc42-e00d-434d-89a3-299939eaa4aa,coordinated_abuse,abuse-ring-0024,True
2b99069f-1d71-4383-9f08-53047aad196f,coordinated_abuse,abuse-ring-0024,True
fbe4076c-7f9a-4942-a47b-3d5e4d6973ed,coordinated_abuse,abuse-ring-0025,True
f4721a3a-da70-4d46-94ba-236ffa1ac322,coordinated_abuse,abuse-ring-0025,True
1c8f9fd9-4020-40fa-ad3b-f7c274c55659,coordinated_abuse,abuse-ring-0025,True
5f4a2f8d-ff50-4520-b086-22863e27a87f,coordinated_abuse,abuse-ring-0026,True
e57eb65f-903a-4989-859a-288ba124e946,coordinated_abuse,abuse-ring-0026,True
957f1f39-e341-4bc4-b918-07c4487d5078,coordinated_abuse,abuse-ring-0026,True
c6f86c2c-e3ab-4517-9a63-0fa9b6d70d14,coordinated_abuse,abuse-ring-0026,True
408609de-3176-4ed0-aca0-b0fdb7c4e01d,coordinated_abuse,abuse-ring-0026,True
8c533bd6-6836-4184-b1ab-4a33f64a5184,coordinated_abuse,abuse-ring-0026,True
12ab5ff2-0cfd-497c-9ff5-583cb9ff9aba,coordinated_abuse,abuse-ring-0027,True
